Workbook
Name CreateID: _xlfn.LAMBDA(_xlpm._header,_xlpm._column,_xlpm._test,IF(ROW()=ROW(_xlpm._header)+1,0,INDEX(_xlpm._column,ROW()-1))+IF(_xlpm._test,1,0))
Name CreateSearchString: _xlfn.LAMBDA(_xlpm._in,IF(_xlpm._in="","",","&SUBSTITUTE(SUBSTITUTE(_xlpm._in,CHAR(10),"")," ","")&IF(RIGHT(_xlpm._in,1)=",","",",")))
Name EscapeString: _xlfn.LAMBDA(_xlpm._string,SUBSTITUTE(_xlpm._string,CHAR(34),"'"))
Name GenerateRationale: _xlfn.LAMBDA(_xlpm._in,OFFSET(_xlpm._in,0,0)&": "&CHAR(10)&OFFSET(_xlpm._in,0,1)&": "&CHAR(10)&OFFSET(_xlpm._in,0,2)&": "&CHAR(10)&OFFSET(_xlpm._in,0,3)&": "&CHAR(10)&OFFSET(_xlpm._in,0,4)&": ")
Name GetReferenceText: _xlfn.LAMBDA(_xlpm._reference,_xlfn.LET(_xlpm._full,CELL("address",_xlpm._reference),"'"&SUBSTITUTE(SUBSTITUTE(RIGHT(_xlpm._full,LEN(_xlpm._full)-FIND("]",_xlpm._full)),"'!","!"),"!","'!")))
Name GetSheetName: _xlfn.LAMBDA(_xlpm._shadowIDHeader,_xlfn.LET(_xlpm._sheetAddress,CELL("filename",_xlpm._shadowIDHeader),RIGHT(_xlpm._sheetAddress,LEN(_xlpm._sheetAddress)-FIND("]",_xlpm._sheetAddress))))
Name JSON_Questionnaire: JSON!$C$7
Name JSON_ResultSummary: JSON!$C$9
Name JSON_RiskTreatment: JSON!$C$8
Name LookupNames: _xlfn.LAMBDA(_xlpm._in,_xlpm._range,RemoveDelimiter(GetValues(_xlpm._in,_xlpm._range," ",","&CHAR(10),TRUE),","&CHAR(10)))
Name PrintDate: _xlfn.LAMBDA(_xlpm._date,TEXT(DAY(_xlpm._date),"00")&"."&TEXT(MONTH(_xlpm._date),"00")&"."&TEXT(YEAR(_xlpm._date),"0000"))
Name RemoveDelimiter: _xlfn.LAMBDA(_xlpm._in,_xlpm._delimiter,IF(_xlpm._in="","",SUBSTITUTE(SUBSTITUTE(_xlpm._in&CHAR(1),_xlpm._delimiter&CHAR(1),""),CHAR(1),"")))
Name RemoveFirstElement: _xlfn.LAMBDA(_xlpm._in,IF(_xlpm._in="","",SUBSTITUTE(SUBSTITUTE(SUBSTITUTE("#"&_xlpm._in,",",",#"),"#"&LEFT(_xlpm._in,FIND(",",_xlpm._in)),""),"#","")))
Name SanitizeInput: _xlfn.LAMBDA(_xlpm._in,IF(_xlpm._in="","",SUBSTITUTE(SUBSTITUTE(_xlpm._in,CHAR(10),"")," ","")&IF(RIGHT(_xlpm._in,1)=",","",",")))
Name SimpleLookup: _xlfn.LAMBDA(_xlpm._id,_xlpm._range,VLOOKUP(_xlpm._id,_xlpm._range,COLUMNS(_xlpm._range),FALSE))

Sheet License
A2: Questionnaire-Based Assessment (QuBA) © 2025 by SICK AG and Fraunhofer-Institut für Angewandte und Integrierte Sicherheit AISEC is licensed under CC BY-SA 4.0. To view a copy of this license, visit https://creativecommons.org/licenses/by-sa/4.0/

Sheet README
A1: Quick Start Guide (See below for more detailed explanations)
B2: {=HYPERLINK("#"&GetReferenceText(Definitions!$C$4),"(0) Tailor the assessment model and the catalogs.")} -> (0) Tailor the assessment model and the catalogs.
B3: Make sure you tailor the document, especially the assessment model contained in the Definitions sheet and the catalogs, to your organization. For example, adapt the exemplary risk matrix to a matrix that fits your organization and its context.
B4: {=HYPERLINK("#"&GetReferenceText(Documentation!$C$2),"(1) Provide basic information in the Documentation sheet.")} -> (1) Provide basic information in the Documentation sheet.
B5: {=HYPERLINK("#"&GetReferenceText(Questionnaire!$C$6),"(2) Answer the questions in the Questionnaire sheet. Fill all marked boxes.")} -> (2) Answer the questions in the Questionnaire sheet. Fill all marked boxes.
B6: {=HYPERLINK("#"&GetReferenceText(Risks!$A$2),"(3) Ensure that the table in the Risks sheet is large enough to calculate all attack paths.")} -> (3) Ensure that the table in the Risks sheet is large enough to calculate all attack paths.
B7: If the message "Please enlarge the table to calculate all risks!" is displayed, then follow these steps: (1) Click on the blue triangle in the bottom right corner of the table, above the area colored in red. (2) Hold the left mouse button and drag the mouse downward until the red area is covered.
B8: {=HYPERLINK("#"&GetReferenceText(Mitigation!$J$3),"(4) Assign assumptions and countermeasures mitigating specific attack steps in the Mitigation sheet.")} -> (4) Assign assumptions and countermeasures mitigating specific attack steps in the Mitigation sheet.
B9: Recommendation: Copy the column Proposed Active Assumptions and paste as values into the column C and A IDs. These assumptions match the answers provided in the questionnnaire. See below for additional information.
B10: {=HYPERLINK("#"&GetReferenceText('Risk Treatment'!$A$5),"(5) Make risk treatment decisions in the Risk Treatment sheet.")} -> (5) Make risk treatment decisions in the Risk Treatment sheet.
A12: General Remarks
B13: * Whenever several items can be referenced, use comma-separated lists, denoted as CSV in the explanations below.
B14: * Some cells are restricted to choosing from a pre-defined list of options, denoted by drop-down menu in the explanations below.
B15: * All comment columns that accept text can be used with the Tasks feature (see the explanation for the Tasks sheet).
B16: * When copying, always paste as values!
B17: * For all questions that contain several criteria (e.g., "Is the access to the network restricted and are the devices in the network considered as trustworthy?":
B18: Only select "Yes" as an answer if all criteria a true (in this case, access is restricted and the devices are trustworthy).
B19: * This document requires the Microsoft 365 version of Excel
A21: Sheet Color | B21: Explanation
A22: Black | B22: This readme.
A23: Light Grey | B23: Catalogs - these are versioned and centrally managed. Do not edit during an analysis.
A24: Dark Grey | B24: Fill these sheets to complete the analysis.
A25: Blue | B25: Calculation and presentation of results.
A26: Green | B26: The summary of the resulting assumptions and countermeasures, including IDs for the external catalog, if available.
A28: Text Format | B28: Explanation
A29: White | B29: Contents of the analysis or the template. May be text or a formula.
A30: Green | B30: Calculated values, do not edit as the formula is included in template version management.
A31: Light Green | B31: The target of a link from the Tasks sheet (typically a TODO).
A32: Light Green | B32: A link.
A33: Lime | B33: Highlights the sheets that must be filled in an analysis.
A35: Detailed explanations for each sheet
A36: Sheet | B36: Column | C36: Explanation | D36: Comment | E36: Sheet Name | F36: Column Letter | G36: Header Row | H36: Sheet # | I36: Column Original Name | K36: Column Header Address | L36: Explicit Link Text | M36: Additional information
A37: {=IF(INDEX($H:$H,ROW()-1)<>$H37,$E37,"")} -> Version History | B37: {=IF($K37="","",_xlfn.LET(_xlpm._fullName,IF($L37="",SUBSTITUTE(SUBSTITUTE(INDIRECT($K37),CHAR(10)," ")," "," "),$L37),_xlpm._truncatedName,IF(LEN(_xlpm._fullName)>250,LEFT(_xlpm._fullName,250)&"[…]",_xlpm._fullName),HYPERLINK("#'"&$E37&"'!"&$F37&$G37,_xlpm._truncatedName)))} -> Template Version History | C37: A version history for the template (independent of the assessment). | E37: =IF($K37="","",_xlfn.LET(_xlpm._in,$K37,_xlpm._start,FIND("]",_xlpm._in)+1,SUBSTITUTE(MID(_xlpm._in,_xlpm._start,FIND("!",_xlpm._in)-_xlpm._start),"'",""))) -> Version History | F37: =IF($K37="","",_xlfn.LET(_xlpm._in,SUBSTITUTE($K37,"$","§",1),_xlpm._start,FIND("§",_xlpm._in)+1,SUBSTITUTE(MID(_xlpm._in,_xlpm._start,FIND("$",_xlpm._in)-_xlpm._start),"'",""))) -> B | G37: =IF($K37="","",RIGHT($K37,LEN($K37)-FIND("$",SUBSTITUTE($K37,"$","§",1)))) -> 1 | H37: {=CreateID($H$36,$H:$H,$E37<>INDEX($E:$E,ROW()-1))} -> 1 | I37: {=INDIRECT($K37)} -> Template Version History | K37: {=CELL("address",'Version History'!$B$1)} -> '[QuBA-libre.xlsx]Version History'!$B$1
A38: {=IF(INDEX($H:$H,ROW()-1)<>$H38,$E38,"")} | B38: {=IF($K38="","",_xlfn.LET(_xlpm._fullName,IF($L38="",SUBSTITUTE(SUBSTITUTE(INDIRECT($K38),CHAR(10)," ")," "," "),$L38),_xlpm._truncatedName,IF(LEN(_xlpm._fullName)>250,LEFT(_xlpm._fullName,250)&"[…]",_xlpm._fullName),HYPERLINK("#'"&$E38&"'!"&$F38&$G38,_xlpm._truncatedName)))} -> Definitions and Damage Scenarios Version History | C38: A version history for the Definitions sheet. Note that this usually relates to changes in the assessment model. | E38: =IF($K38="","",_xlfn.LET(_xlpm._in,$K38,_xlpm._start,FIND("]",_xlpm._in)+1,SUBSTITUTE(MID(_xlpm._in,_xlpm._start,FIND("!",_xlpm._in)-_xlpm._start),"'",""))) -> Version History | F38: =IF($K38="","",_xlfn.LET(_xlpm._in,SUBSTITUTE($K38,"$","§",1),_xlpm._start,FIND("§",_xlpm._in)+1,SUBSTITUTE(MID(_xlpm._in,_xlpm._start,FIND("$",_xlpm._in)-_xlpm._start),"'",""))) -> B | G38: =IF($K38="","",RIGHT($K38,LEN($K38)-FIND("$",SUBSTITUTE($K38,"$","§",1)))) -> 5 | H38: {=CreateID($H$36,$H:$H,$E38<>INDEX($E:$E,ROW()-1))} -> 1 | I38: {=INDIRECT($K38)} -> Definitions and Damage Scenarios Version History | K38: {=CELL("address",'Version History'!$B$5)} -> '[QuBA-libre.xlsx]Version History'!$B$5
A39: {=IF(INDEX($H:$H,ROW()-1)<>$H39,$E39,"")} | B39: {=IF($K39="","",_xlfn.LET(_xlpm._fullName,IF($L39="",SUBSTITUTE(SUBSTITUTE(INDIRECT($K39),CHAR(10)," ")," "," "),$L39),_xlpm._truncatedName,IF(LEN(_xlpm._fullName)>250,LEFT(_xlpm._fullName,250)&"[…]",_xlpm._fullName),HYPERLINK("#'"&$E39&"'!"&$F39&$G39,_xlpm._truncatedName)))} -> Attack Steps Version History | C39: A version history for the attack step catalog. | E39: =IF($K39="","",_xlfn.LET(_xlpm._in,$K39,_xlpm._start,FIND("]",_xlpm._in)+1,SUBSTITUTE(MID(_xlpm._in,_xlpm._start,FIND("!",_xlpm._in)-_xlpm._start),"'",""))) -> Version History | F39: =IF($K39="","",_xlfn.LET(_xlpm._in,SUBSTITUTE($K39,"$","§",1),_xlpm._start,FIND("§",_xlpm._in)+1,SUBSTITUTE(MID(_xlpm._in,_xlpm._start,FIND("$",_xlpm._in)-_xlpm._start),"'",""))) -> B | G39: =IF($K39="","",RIGHT($K39,LEN($K39)-FIND("$",SUBSTITUTE($K39,"$","§",1)))) -> 9 | H39: {=CreateID($H$36,$H:$H,$E39<>INDEX($E:$E,ROW()-1))} -> 1 | I39: {=INDIRECT($K39)} -> Attack Steps Version History | K39: {=CELL("address",'Version History'!$B$9)} -> '[QuBA-libre.xlsx]Version History'!$B$9
A40: {=IF(INDEX($H:$H,ROW()-1)<>$H40,$E40,"")} | B40: {=IF($K40="","",_xlfn.LET(_xlpm._fullName,IF($L40="",SUBSTITUTE(SUBSTITUTE(INDIRECT($K40),CHAR(10)," ")," "," "),$L40),_xlpm._truncatedName,IF(LEN(_xlpm._fullName)>250,LEFT(_xlpm._fullName,250)&"[…]",_xlpm._fullName),HYPERLINK("#'"&$E40&"'!"&$F40&$G40,_xlpm._truncatedName)))} -> Assumptions Version History | C40: A version history for the assumption catalog. | E40: =IF($K40="","",_xlfn.LET(_xlpm._in,$K40,_xlpm._start,FIND("]",_xlpm._in)+1,SUBSTITUTE(MID(_xlpm._in,_xlpm._start,FIND("!",_xlpm._in)-_xlpm._start),"'",""))) -> Version History | F40: =IF($K40="","",_xlfn.LET(_xlpm._in,SUBSTITUTE($K40,"$","§",1),_xlpm._start,FIND("§",_xlpm._in)+1,SUBSTITUTE(MID(_xlpm._in,_xlpm._start,FIND("$",_xlpm._in)-_xlpm._start),"'",""))) -> B | G40: =IF($K40="","",RIGHT($K40,LEN($K40)-FIND("$",SUBSTITUTE($K40,"$","§",1)))) -> 13 | H40: {=CreateID($H$36,$H:$H,$E40<>INDEX($E:$E,ROW()-1))} -> 1 | I40: {=INDIRECT($K40)} -> Assumptions Version History | K40: {=CELL("address",'Version History'!$B$13)} -> '[QuBA-libre.xlsx]Version History'!$B$13
A41: {=IF(INDEX($H:$H,ROW()-1)<>$H41,$E41,"")} | B41: {=IF($K41="","",_xlfn.LET(_xlpm._fullName,IF($L41="",SUBSTITUTE(SUBSTITUTE(INDIRECT($K41),CHAR(10)," ")," "," "),$L41),_xlpm._truncatedName,IF(LEN(_xlpm._fullName)>250,LEFT(_xlpm._fullName,250)&"[…]",_xlpm._fullName),HYPERLINK("#'"&$E41&"'!"&$F41&$G41,_xlpm._truncatedName)))} -> Countermeasures Version History | C41: A version history for the countermeasure catalog. | E41: =IF($K41="","",_xlfn.LET(_xlpm._in,$K41,_xlpm._start,FIND("]",_xlpm._in)+1,SUBSTITUTE(MID(_xlpm._in,_xlpm._start,FIND("!",_xlpm._in)-_xlpm._start),"'",""))) -> Version History | F41: =IF($K41="","",_xlfn.LET(_xlpm._in,SUBSTITUTE($K41,"$","§",1),_xlpm._start,FIND("§",_xlpm._in)+1,SUBSTITUTE(MID(_xlpm._in,_xlpm._start,FIND("$",_xlpm._in)-_xlpm._start),"'",""))) -> B | G41: =IF($K41="","",RIGHT($K41,LEN($K41)-FIND("$",SUBSTITUTE($K41,"$","§",1)))) -> 17 | H41: {=CreateID($H$36,$H:$H,$E41<>INDEX($E:$E,ROW()-1))} -> 1 | I41: {=INDIRECT($K41)} -> Countermeasures Version History | K41: {=CELL("address",'Version History'!$B$17)} -> '[QuBA-libre.xlsx]Version History'!$B$17
A42: {=IF(INDEX($H:$H,ROW()-1)<>$H42,$E42,"")} -> Definitions | B42: {=IF($K42="","",_xlfn.LET(_xlpm._fullName,IF($L42="",SUBSTITUTE(SUBSTITUTE(INDIRECT($K42),CHAR(10)," ")," "," "),$L42),_xlpm._truncatedName,IF(LEN(_xlpm._fullName)>250,LEFT(_xlpm._fullName,250)&"[…]",_xlpm._fullName),HYPERLINK("#'"&$E42&"'!"&$F42&$G42,_xlpm._truncatedName)))} -> Yes / No | C42: Defines the answers yes and no for the Questionnaire sheet. | E42: =IF($K42="","",_xlfn.LET(_xlpm._in,$K42,_xlpm._start,FIND("]",_xlpm._in)+1,SUBSTITUTE(MID(_xlpm._in,_xlpm._start,FIND("!",_xlpm._in)-_xlpm._start),"'",""))) -> Definitions | F42: =IF($K42="","",_xlfn.LET(_xlpm._in,SUBSTITUTE($K42,"$","§",1),_xlpm._start,FIND("§",_xlpm._in)+1,SUBSTITUTE(MID(_xlpm._in,_xlpm._start,FIND("$",_xlpm._in)-_xlpm._start),"'",""))) -> A | G42: =IF($K42="","",RIGHT($K42,LEN($K42)-FIND("$",SUBSTITUTE($K42,"$","§",1)))) -> 2 | H42: {=CreateID($H$36,$H:$H,$E42<>INDEX($E:$E,ROW()-1))} -> 2 | I42: {=INDIRECT($K42)} -> Yes / No | K42: {=CELL("address",Definitions!$A$2)} -> '[QuBA-libre.xlsx]Definitions'!$A$2
A43: {=IF(INDEX($H:$H,ROW()-1)<>$H43,$E43,"")} | B43: {=IF($K43="","",_xlfn.LET(_xlpm._fullName,IF($L43="",SUBSTITUTE(SUBSTITUTE(INDIRECT($K43),CHAR(10)," ")," "," "),$L43),_xlpm._truncatedName,IF(LEN(_xlpm._fullName)>250,LEFT(_xlpm._fullName,250)&"[…]",_xlpm._fullName),HYPERLINK("#'"&$E43&"'!"&$F43&$G43,_xlpm._truncatedName)))} -> Company Name | C43: Defines the name of the company. | E43: =IF($K43="","",_xlfn.LET(_xlpm._in,$K43,_xlpm._start,FIND("]",_xlpm._in)+1,SUBSTITUTE(MID(_xlpm._in,_xlpm._start,FIND("!",_xlpm._in)-_xlpm._start),"'",""))) -> Definitions | F43: =IF($K43="","",_xlfn.LET(_xlpm._in,SUBSTITUTE($K43,"$","§",1),_xlpm._start,FIND("§",_xlpm._in)+1,SUBSTITUTE(MID(_xlpm._in,_xlpm._start,FIND("$",_xlpm._in)-_xlpm._start),"'",""))) -> C | G43: =IF($K43="","",RIGHT($K43,LEN($K43)-FIND("$",SUBSTITUTE($K43,"$","§",1)))) -> 2 | H43: {=CreateID($H$36,$H:$H,$E43<>INDEX($E:$E,ROW()-1))} -> 2 | I43: {=INDIRECT($K43)} -> Company Name | K43: {=CELL("address",Definitions!$C$2)} -> '[QuBA-libre.xlsx]Definitions'!$C$2
A44: {=IF(INDEX($H:$H,ROW()-1)<>$H44,$E44,"")} | B44: {=IF($K44="","",_xlfn.LET(_xlpm._fullName,IF($L44="",SUBSTITUTE(SUBSTITUTE(INDIRECT($K44),CHAR(10)," ")," "," "),$L44),_xlpm._truncatedName,IF(LEN(_xlpm._fullName)>250,LEFT(_xlpm._fullName,250)&"[…]",_xlpm._fullName),HYPERLINK("#'"&$E44&"'!"&$F44&$G44,_xlpm._truncatedName)))} -> Damage Categories | C44: Defines damage categories in accordance with the OEM's security risk assessment method to be used in the Questionnaire sheet. | E44: =IF($K44="","",_xlfn.LET(_xlpm._in,$K44,_xlpm._start,FIND("]",_xlpm._in)+1,SUBSTITUTE(MID(_xlpm._in,_xlpm._start,FIND("!",_xlpm._in)-_xlpm._start),"'",""))) -> Definitions | F44: =IF($K44="","",_xlfn.LET(_xlpm._in,SUBSTITUTE($K44,"$","§",1),_xlpm._start,FIND("§",_xlpm._in)+1,SUBSTITUTE(MID(_xlpm._in,_xlpm._start,FIND("$",_xlpm._in)-_xlpm._start),"'",""))) -> E | G44: =IF($K44="","",RIGHT($K44,LEN($K44)-FIND("$",SUBSTITUTE($K44,"$","§",1)))) -> 2 | H44: {=CreateID($H$36,$H:$H,$E44<>INDEX($E:$E,ROW()-1))} -> 2 | I44: {=INDIRECT($K44)} -> Damage Categories | K44: {=CELL("address",Definitions!$E$2)} -> '[QuBA-libre.xlsx]Definitions'!$E$2
A45: {=IF(INDEX($H:$H,ROW()-1)<>$H45,$E45,"")} | B45: {=IF($K45="","",_xlfn.LET(_xlpm._fullName,IF($L45="",SUBSTITUTE(SUBSTITUTE(INDIRECT($K45),CHAR(10)," ")," "," "),$L45),_xlpm._truncatedName,IF(LEN(_xlpm._fullName)>250,LEFT(_xlpm._fullName,250)&"[…]",_xlpm._fullName),HYPERLINK("#'"&$E45&"'!"&$F45&$G45,_xlpm._truncatedName)))} -> Damage Criteria | C45: Defines damage criteria in accordance with the OEM's security risk assessment method to be used in the Questionnaire sheet. | E45: =IF($K45="","",_xlfn.LET(_xlpm._in,$K45,_xlpm._start,FIND("]",_xlpm._in)+1,SUBSTITUTE(MID(_xlpm._in,_xlpm._start,FIND("!",_xlpm._in)-_xlpm._start),"'",""))) -> Definitions | F45: =IF($K45="","",_xlfn.LET(_xlpm._in,SUBSTITUTE($K45,"$","§",1),_xlpm._start,FIND("§",_xlpm._in)+1,SUBSTITUTE(MID(_xlpm._in,_xlpm._start,FIND("$",_xlpm._in)-_xlpm._start),"'",""))) -> G | G45: =IF($K45="","",RIGHT($K45,LEN($K45)-FIND("$",SUBSTITUTE($K45,"$","§",1)))) -> 2 | H45: {=CreateID($H$36,$H:$H,$E45<>INDEX($E:$E,ROW()-1))} -> 2 | I45: {=INDIRECT($K45)} -> Damage Criteria | K45: {=CELL("address",Definitions!$G$2)} -> '[QuBA-libre.xlsx]Definitions'!$G$2
A46: {=IF(INDEX($H:$H,ROW()-1)<>$H46,$E46,"")} | B46: {=IF($K46="","",_xlfn.LET(_xlpm._fullName,IF($L46="",SUBSTITUTE(SUBSTITUTE(INDIRECT($K46),CHAR(10)," ")," "," "),$L46),_xlpm._truncatedName,IF(LEN(_xlpm._fullName)>250,LEFT(_xlpm._fullName,250)&"[…]",_xlpm._fullName),HYPERLINK("#'"&$E46&"'!"&$F46&$G46,_xlpm._truncatedName)))} -> Risk Treatment | C46: Defines risk treatment options for the Risk Treatment sheet. | E46: =IF($K46="","",_xlfn.LET(_xlpm._in,$K46,_xlpm._start,FIND("]",_xlpm._in)+1,SUBSTITUTE(MID(_xlpm._in,_xlpm._start,FIND("!",_xlpm._in)-_xlpm._start),"'",""))) -> Definitions | F46: =IF($K46="","",_xlfn.LET(_xlpm._in,SUBSTITUTE($K46,"$","§",1),_xlpm._start,FIND("§",_xlpm._in)+1,SUBSTITUTE(MID(_xlpm._in,_xlpm._start,FIND("$",_xlpm._in)-_xlpm._start),"'",""))) -> M | G46: =IF($K46="","",RIGHT($K46,LEN($K46)-FIND("$",SUBSTITUTE($K46,"$","§",1)))) -> 2 | H46: {=CreateID($H$36,$H:$H,$E46<>INDEX($E:$E,ROW()-1))} -> 2 | I46: {=INDIRECT($K46)} -> Risk Treatment | K46: {=CELL("address",Definitions!$M$2)} -> '[QuBA-libre.xlsx]Definitions'!$M$2
A47: {=IF(INDEX($H:$H,ROW()-1)<>$H47,$E47,"")} | B47: {=IF($K47="","",_xlfn.LET(_xlpm._fullName,IF($L47="",SUBSTITUTE(SUBSTITUTE(INDIRECT($K47),CHAR(10)," ")," "," "),$L47),_xlpm._truncatedName,IF(LEN(_xlpm._fullName)>250,LEFT(_xlpm._fullName,250)&"[…]",_xlpm._fullName),HYPERLINK("#'"&$E47&"'!"&$F47&$G47,_xlpm._truncatedName)))} -> Type of gateway | C47: Defines options for a matching question in the Questionnaire sheet. | E47: =IF($K47="","",_xlfn.LET(_xlpm._in,$K47,_xlpm._start,FIND("]",_xlpm._in)+1,SUBSTITUTE(MID(_xlpm._in,_xlpm._start,FIND("!",_xlpm._in)-_xlpm._start),"'",""))) -> Definitions | F47: =IF($K47="","",_xlfn.LET(_xlpm._in,SUBSTITUTE($K47,"$","§",1),_xlpm._start,FIND("§",_xlpm._in)+1,SUBSTITUTE(MID(_xlpm._in,_xlpm._start,FIND("$",_xlpm._in)-_xlpm._start),"'",""))) -> O | G47: =IF($K47="","",RIGHT($K47,LEN($K47)-FIND("$",SUBSTITUTE($K47,"$","§",1)))) -> 2 | H47: {=CreateID($H$36,$H:$H,$E47<>INDEX($E:$E,ROW()-1))} -> 2 | I47: {=INDIRECT($K47)} -> Type of gateway | K47: {=CELL("address",Definitions!$O$2)} -> '[QuBA-libre.xlsx]Definitions'!$O$2
A48: {=IF(INDEX($H:$H,ROW()-1)<>$H48,$E48,"")} | B48: {=IF($K48="","",_xlfn.LET(_xlpm._fullName,IF($L48="",SUBSTITUTE(SUBSTITUTE(INDIRECT($K48),CHAR(10)," ")," "," "),$L48),_xlpm._truncatedName,IF(LEN(_xlpm._fullName)>250,LEFT(_xlpm._fullName,250)&"[…]",_xlpm._fullName),HYPERLINK("#'"&$E48&"'!"&$F48&$G48,_xlpm._truncatedName)))} -> Damage Levels | C48: Defines the damage levels for risk calculation (sheets Risks, Mitigation, and Risk Treatment) in accordance with the OEM's security risk assessment method. | E48: =IF($K48="","",_xlfn.LET(_xlpm._in,$K48,_xlpm._start,FIND("]",_xlpm._in)+1,SUBSTITUTE(MID(_xlpm._in,_xlpm._start,FIND("!",_xlpm._in)-_xlpm._start),"'",""))) -> Definitions | F48: =IF($K48="","",_xlfn.LET(_xlpm._in,SUBSTITUTE($K48,"$","§",1),_xlpm._start,FIND("§",_xlpm._in)+1,SUBSTITUTE(MID(_xlpm._in,_xlpm._start,FIND("$",_xlpm._in)-_xlpm._start),"'",""))) -> Q | G48: =IF($K48="","",RIGHT($K48,LEN($K48)-FIND("$",SUBSTITUTE($K48,"$","§",1)))) -> 2 | H48: {=CreateID($H$36,$H:$H,$E48<>INDEX($E:$E,ROW()-1))} -> 2 | I48: {=INDIRECT($K48)} -> Damage Levels | K48: {=CELL("address",Definitions!$Q$2)} -> '[QuBA-libre.xlsx]Definitions'!$Q$2
A49: {=IF(INDEX($H:$H,ROW()-1)<>$H49,$E49,"")} | B49: {=IF($K49="","",_xlfn.LET(_xlpm._fullName,IF($L49="",SUBSTITUTE(SUBSTITUTE(INDIRECT($K49),CHAR(10)," ")," "," "),$L49),_xlpm._truncatedName,IF(LEN(_xlpm._fullName)>250,LEFT(_xlpm._fullName,250)&"[…]",_xlpm._fullName),HYPERLINK("#'"&$E49&"'!"&$F49&$G49,_xlpm._truncatedName)))} -> Line Width | C49: Defines the maximum number of characters in each line for the questions in the Questionnaire sheet (→ formatting). | E49: =IF($K49="","",_xlfn.LET(_xlpm._in,$K49,_xlpm._start,FIND("]",_xlpm._in)+1,SUBSTITUTE(MID(_xlpm._in,_xlpm._start,FIND("!",_xlpm._in)-_xlpm._start),"'",""))) -> Definitions | F49: =IF($K49="","",_xlfn.LET(_xlpm._in,SUBSTITUTE($K49,"$","§",1),_xlpm._start,FIND("§",_xlpm._in)+1,SUBSTITUTE(MID(_xlpm._in,_xlpm._start,FIND("$",_xlpm._in)-_xlpm._start),"'",""))) -> T | G49: =IF($K49="","",RIGHT($K49,LEN($K49)-FIND("$",SUBSTITUTE($K49,"$","§",1)))) -> 2 | H49: {=CreateID($H$36,$H:$H,$E49<>INDEX($E:$E,ROW()-1))} -> 2 | I49: {=INDIRECT($K49)} -> Line Width | K49: {=CELL("address",Definitions!$T$2)} -> '[QuBA-libre.xlsx]Definitions'!$T$2
A50: {=IF(INDEX($H:$H,ROW()-1)<>$H50,$E50,"")} | B50: {=IF($K50="","",_xlfn.LET(_xlpm._fullName,IF($L50="",SUBSTITUTE(SUBSTITUTE(INDIRECT($K50),CHAR(10)," ")," "," "),$L50),_xlpm._truncatedName,IF(LEN(_xlpm._fullName)>250,LEFT(_xlpm._fullName,250)&"[…]",_xlpm._fullName),HYPERLINK("#'"&$E50&"'!"&$F50&$G50,_xlpm._truncatedName)))} -> Required Attack Potential | C50: Defines the required attack potential levels and their thresholds for risk calculation (sheets Risks, Mitigation, and Risk Treatment) in accordance with the OEM's security risk assessment method. | E50: =IF($K50="","",_xlfn.LET(_xlpm._in,$K50,_xlpm._start,FIND("]",_xlpm._in)+1,SUBSTITUTE(MID(_xlpm._in,_xlpm._start,FIND("!",_xlpm._in)-_xlpm._start),"'",""))) -> Definitions | F50: =IF($K50="","",_xlfn.LET(_xlpm._in,SUBSTITUTE($K50,"$","§",1),_xlpm._start,FIND("§",_xlpm._in)+1,SUBSTITUTE(MID(_xlpm._in,_xlpm._start,FIND("$",_xlpm._in)-_xlpm._start),"'",""))) -> V | G50: =IF($K50="","",RIGHT($K50,LEN($K50)-FIND("$",SUBSTITUTE($K50,"$","§",1)))) -> 2 | H50: {=CreateID($H$36,$H:$H,$E50<>INDEX($E:$E,ROW()-1))} -> 2 | I50: {=INDIRECT($K50)} -> Required Attack Potential | K50: {=CELL("address",Definitions!$V$2)} -> '[QuBA-libre.xlsx]Definitions'!$V$2
A51: {=IF(INDEX($H:$H,ROW()-1)<>$H51,$E51,"")} | B51: {=IF($K51="","",_xlfn.LET(_xlpm._fullName,IF($L51="",SUBSTITUTE(SUBSTITUTE(INDIRECT($K51),CHAR(10)," ")," "," "),$L51),_xlpm._truncatedName,IF(LEN(_xlpm._fullName)>250,LEFT(_xlpm._fullName,250)&"[…]",_xlpm._fullName),HYPERLINK("#'"&$E51&"'!"&$F51&$G51,_xlpm._truncatedName)))} -> Required Attack Potential - Factors | C51: Defines the contribution of each RAP factor for risk calculation (sheets Risks, Mitigation, and Risk Treatment) in accordance with the OEM's security risk assessment method. | E51: =IF($K51="","",_xlfn.LET(_xlpm._in,$K51,_xlpm._start,FIND("]",_xlpm._in)+1,SUBSTITUTE(MID(_xlpm._in,_xlpm._start,FIND("!",_xlpm._in)-_xlpm._start),"'",""))) -> Definitions | F51: =IF($K51="","",_xlfn.LET(_xlpm._in,SUBSTITUTE($K51,"$","§",1),_xlpm._start,FIND("§",_xlpm._in)+1,SUBSTITUTE(MID(_xlpm._in,_xlpm._start,FIND("$",_xlpm._in)-_xlpm._start),"'",""))) -> Y | G51: =IF($K51="","",RIGHT($K51,LEN($K51)-FIND("$",SUBSTITUTE($K51,"$","§",1)))) -> 2 | H51: {=CreateID($H$36,$H:$H,$E51<>INDEX($E:$E,ROW()-1))} -> 2 | I51: {=INDIRECT($K51)} -> Required Attack Potential - Factors | K51: {=CELL("address",Definitions!$Y$2)} -> '[QuBA-libre.xlsx]Definitions'!$Y$2
A52: {=IF(INDEX($H:$H,ROW()-1)<>$H52,$E52,"")} | B52: {=IF($K52="","",_xlfn.LET(_xlpm._fullName,IF($L52="",SUBSTITUTE(SUBSTITUTE(INDIRECT($K52),CHAR(10)," ")," "," "),$L52),_xlpm._truncatedName,IF(LEN(_xlpm._fullName)>250,LEFT(_xlpm._fullName,250)&"[…]",_xlpm._fullName),HYPERLINK("#'"&$E52&"'!"&$F52&$G52,_xlpm._truncatedName)))} -> Risk Values | C52: Defines the risk values for risk calculation (sheets Risks, Mitigation, and Risk Treatment) in accordance with the OEM's security risk assessment method. | E52: =IF($K52="","",_xlfn.LET(_xlpm._in,$K52,_xlpm._start,FIND("]",_xlpm._in)+1,SUBSTITUTE(MID(_xlpm._in,_xlpm._start,FIND("!",_xlpm._in)-_xlpm._start),"'",""))) -> Definitions | F52: =IF($K52="","",_xlfn.LET(_xlpm._in,SUBSTITUTE($K52,"$","§",1),_xlpm._start,FIND("§",_xlpm._in)+1,SUBSTITUTE(MID(_xlpm._in,_xlpm._start,FIND("$",_xlpm._in)-_xlpm._start),"'",""))) -> AE | G52: =IF($K52="","",RIGHT($K52,LEN($K52)-FIND("$",SUBSTITUTE($K52,"$","§",1)))) -> 2 | H52: {=CreateID($H$36,$H:$H,$E52<>INDEX($E:$E,ROW()-1))} -> 2 | I52: {=INDIRECT($K52)} -> Risk Values | K52: {=CELL("address",Definitions!$AE$2)} -> '[QuBA-libre.xlsx]Definitions'!$AE$2
A53: {=IF(INDEX($H:$H,ROW()-1)<>$H53,$E53,"")} | B53: {=IF($K53="","",_xlfn.LET(_xlpm._fullName,IF($L53="",SUBSTITUTE(SUBSTITUTE(INDIRECT($K53),CHAR(10)," ")," "," "),$L53),_xlpm._truncatedName,IF(LEN(_xlpm._fullName)>250,LEFT(_xlpm._fullName,250)&"[…]",_xlpm._fullName),HYPERLINK("#'"&$E53&"'!"&$F53&$G53,_xlpm._truncatedName)))} -> Risk Matrix | C53: Defines the risk matrix for risk calculation (sheets Risks, Mitigation, and Risk Treatment) in accordance with the OEM's security risk assessment method. | E53: =IF($K53="","",_xlfn.LET(_xlpm._in,$K53,_xlpm._start,FIND("]",_xlpm._in)+1,SUBSTITUTE(MID(_xlpm._in,_xlpm._start,FIND("!",_xlpm._in)-_xlpm._start),"'",""))) -> Definitions | F53: =IF($K53="","",_xlfn.LET(_xlpm._in,SUBSTITUTE($K53,"$","§",1),_xlpm._start,FIND("§",_xlpm._in)+1,SUBSTITUTE(MID(_xlpm._in,_xlpm._start,FIND("$",_xlpm._in)-_xlpm._start),"'",""))) -> AH | G53: =IF($K53="","",RIGHT($K53,LEN($K53)-FIND("$",SUBSTITUTE($K53,"$","§",1)))) -> 2 | H53: {=CreateID($H$36,$H:$H,$E53<>INDEX($E:$E,ROW()-1))} -> 2 | I53: {=INDIRECT($K53)} -> Risk Matrix | K53: {=CELL("address",Definitions!$AH$2)} -> '[QuBA-libre.xlsx]Definitions'!$AH$2
A54: {=IF(INDEX($H:$H,ROW()-1)<>$H54,$E54,"")} | B54: {=IF($K54="","",_xlfn.LET(_xlpm._fullName,IF($L54="",SUBSTITUTE(SUBSTITUTE(INDIRECT($K54),CHAR(10)," ")," "," "),$L54),_xlpm._truncatedName,IF(LEN(_xlpm._fullName)>250,LEFT(_xlpm._fullName,250)&"[…]",_xlpm._fullName),HYPERLINK("#'"&$E54&"'!"&$F54&$G54,_xlpm._truncatedName)))} -> Stakeholders | C54: Defines the stakeholders for assumptions, usually implying the party responsible for implementing compensating countermeasures from the product's point of view. Relevant in the Assumptions and in the Assumptions and Countermeasures sheet. | E54: =IF($K54="","",_xlfn.LET(_xlpm._in,$K54,_xlpm._start,FIND("]",_xlpm._in)+1,SUBSTITUTE(MID(_xlpm._in,_xlpm._start,FIND("!",_xlpm._in)-_xlpm._start),"'",""))) -> Definitions | F54: =IF($K54="","",_xlfn.LET(_xlpm._in,SUBSTITUTE($K54,"$","§",1),_xlpm._start,FIND("§",_xlpm._in)+1,SUBSTITUTE(MID(_xlpm._in,_xlpm._start,FIND("$",_xlpm._in)-_xlpm._start),"'",""))) -> AO | G54: =IF($K54="","",RIGHT($K54,LEN($K54)-FIND("$",SUBSTITUTE($K54,"$","§",1)))) -> 2 | H54: {=CreateID($H$36,$H:$H,$E54<>INDEX($E:$E,ROW()-1))} -> 2 | I54: {=INDIRECT($K54)} -> Stakeholders | K54: {=CELL("address",Definitions!$AO$2)} -> '[QuBA-libre.xlsx]Definitions'!$AO$2
A55: {=IF(INDEX($H:$H,ROW()-1)<>$H55,$E55,"")} | B55: {=IF($K55="","",_xlfn.LET(_xlpm._fullName,IF($L55="",SUBSTITUTE(SUBSTITUTE(INDIRECT($K55),CHAR(10)," ")," "," "),$L55),_xlpm._truncatedName,IF(LEN(_xlpm._fullName)>250,LEFT(_xlpm._fullName,250)&"[…]",_xlpm._fullName),HYPERLINK("#'"&$E55&"'!"&$F55&$G55,_xlpm._truncatedName)))} -> Additional assumptions / countermeasures | C55: Defines the syntax for adding additional assumptions or countermeasures in comments or rationales. These additional elements are then listed in the Assumptions and Countermeasures sheet. | E55: =IF($K55="","",_xlfn.LET(_xlpm._in,$K55,_xlpm._start,FIND("]",_xlpm._in)+1,SUBSTITUTE(MID(_xlpm._in,_xlpm._start,FIND("!",_xlpm._in)-_xlpm._start),"'",""))) -> Definitions | F55: =IF($K55="","",_xlfn.LET(_xlpm._in,SUBSTITUTE($K55,"$","§",1),_xlpm._start,FIND("§",_xlpm._in)+1,SUBSTITUTE(MID(_xlpm._in,_xlpm._start,FIND("$",_xlpm._in)-_xlpm._start),"'",""))) -> AQ | G55: =IF($K55="","",RIGHT($K55,LEN($K55)-FIND("$",SUBSTITUTE($K55,"$","§",1)))) -> 2 | H55: {=CreateID($H$36,$H:$H,$E55<>INDEX($E:$E,ROW()-1))} -> 2 | I55: {=INDIRECT($K55)} -> Additional assumptions / countermeasures | K55: {=CELL("address",Definitions!$AQ$2)} -> '[QuBA-libre.xlsx]Definitions'!$AQ$2
A56: {=IF(INDEX($H:$H,ROW()-1)<>$H56,$E56,"")} | B56: {=IF($K56="","",_xlfn.LET(_xlpm._fullName,IF($L56="",SUBSTITUTE(SUBSTITUTE(INDIRECT($K56),CHAR(10)," ")," "," "),$L56),_xlpm._truncatedName,IF(LEN(_xlpm._fullName)>250,LEFT(_xlpm._fullName,250)&"[…]",_xlpm._fullName),HYPERLINK("#'"&$E56&"'!"&$F56&$G56,_xlpm._truncatedName)))} -> Display Blue Box | C56: Some answers to questions in the Questionnaire sheet activate assumptions or countermeasures. In this case, the comment for these questions is displayed in the Assumptions and Countermeasures sheet for the activated assumption or countermeasure. Setting the entry under Display Blue Box to yes marks such comments with a blue margin. | E56: =IF($K56="","",_xlfn.LET(_xlpm._in,$K56,_xlpm._start,FIND("]",_xlpm._in)+1,SUBSTITUTE(MID(_xlpm._in,_xlpm._start,FIND("!",_xlpm._in)-_xlpm._start),"'",""))) -> Definitions | F56: =IF($K56="","",_xlfn.LET(_xlpm._in,SUBSTITUTE($K56,"$","§",1),_xlpm._start,FIND("§",_xlpm._in)+1,SUBSTITUTE(MID(_xlpm._in,_xlpm._start,FIND("$",_xlpm._in)-_xlpm._start),"'",""))) -> AU | G56: =IF($K56="","",RIGHT($K56,LEN($K56)-FIND("$",SUBSTITUTE($K56,"$","§",1)))) -> 2 | H56: {=CreateID($H$36,$H:$H,$E56<>INDEX($E:$E,ROW()-1))} -> 2 | I56: {=INDIRECT($K56)} -> Display Blue Box | K56: {=CELL("address",Definitions!$AU$2)} -> '[QuBA-libre.xlsx]Definitions'!$AU$2
A57: {=IF(INDEX($H:$H,ROW()-1)<>$H57,$E57,"")} | B57: {=IF($K57="","",_xlfn.LET(_xlpm._fullName,IF($L57="",SUBSTITUTE(SUBSTITUTE(INDIRECT($K57),CHAR(10)," ")," "," "),$L57),_xlpm._truncatedName,IF(LEN(_xlpm._fullName)>250,LEFT(_xlpm._fullName,250)&"[…]",_xlpm._fullName),HYPERLINK("#'"&$E57&"'!"&$F57&$G57,_xlpm._truncatedName)))} -> Product Life Time / Support Duration | C57: Defines the options for the product life time and the support duration. | E57: =IF($K57="","",_xlfn.LET(_xlpm._in,$K57,_xlpm._start,FIND("]",_xlpm._in)+1,SUBSTITUTE(MID(_xlpm._in,_xlpm._start,FIND("!",_xlpm._in)-_xlpm._start),"'",""))) -> Definitions | F57: =IF($K57="","",_xlfn.LET(_xlpm._in,SUBSTITUTE($K57,"$","§",1),_xlpm._start,FIND("§",_xlpm._in)+1,SUBSTITUTE(MID(_xlpm._in,_xlpm._start,FIND("$",_xlpm._in)-_xlpm._start),"'",""))) -> AW | G57: =IF($K57="","",RIGHT($K57,LEN($K57)-FIND("$",SUBSTITUTE($K57,"$","§",1)))) -> 2 | H57: {=CreateID($H$36,$H:$H,$E57<>INDEX($E:$E,ROW()-1))} -> 2 | I57: {=INDIRECT($K57)} -> Product Life Time / Support Duration | K57: {=CELL("address",Definitions!$AW$2)} -> '[QuBA-libre.xlsx]Definitions'!$AW$2
A58: {=IF(INDEX($H:$H,ROW()-1)<>$H58,$E58,"")} | B58: {=IF($K58="","",_xlfn.LET(_xlpm._fullName,IF($L58="",SUBSTITUTE(SUBSTITUTE(INDIRECT($K58),CHAR(10)," ")," "," "),$L58),_xlpm._truncatedName,IF(LEN(_xlpm._fullName)>250,LEFT(_xlpm._fullName,250)&"[…]",_xlpm._fullName),HYPERLINK("#'"&$E58&"'!"&$F58&$G58,_xlpm._truncatedName)))} -> Helper Link | C58: Defines the options for the links linking to this sheet. | E58: =IF($K58="","",_xlfn.LET(_xlpm._in,$K58,_xlpm._start,FIND("]",_xlpm._in)+1,SUBSTITUTE(MID(_xlpm._in,_xlpm._start,FIND("!",_xlpm._in)-_xlpm._start),"'",""))) -> Definitions | F58: =IF($K58="","",_xlfn.LET(_xlpm._in,SUBSTITUTE($K58,"$","§",1),_xlpm._start,FIND("§",_xlpm._in)+1,SUBSTITUTE(MID(_xlpm._in,_xlpm._start,FIND("$",_xlpm._in)-_xlpm._start),"'",""))) -> AY | G58: =IF($K58="","",RIGHT($K58,LEN($K58)-FIND("$",SUBSTITUTE($K58,"$","§",1)))) -> 2 | H58: {=CreateID($H$36,$H:$H,$E58<>INDEX($E:$E,ROW()-1))} -> 2 | I58: {=INDIRECT($K58)} -> Helper Link | K58: {=CELL("address",Definitions!$AY$2)} -> '[QuBA-libre.xlsx]Definitions'!$AY$2
A59: {=IF(INDEX($H:$H,ROW()-1)<>$H59,$E59,"")} | B59: {=IF($K59="","",_xlfn.LET(_xlpm._fullName,IF($L59="",SUBSTITUTE(SUBSTITUTE(INDIRECT($K59),CHAR(10)," ")," "," "),$L59),_xlpm._truncatedName,IF(LEN(_xlpm._fullName)>250,LEFT(_xlpm._fullName,250)&"[…]",_xlpm._fullName),HYPERLINK("#'"&$E59&"'!"&$F59&$G59,_xlpm._truncatedName)))} -> JSON Export | C59: Defines the sheets and columns on these sheets to be exported on the JSON sheet. In detail: * Use a formula to calculate the sheet name from which to export data (see existing entries for the formula.) * Use a formula to reference the columns to be exported for each entry (see existing entries for the formula.) * Use a formula to reference the Shadow ID column for each sheet (this column is usually hidden and on most sheets one column right of the Comment column). * Use a formula to calculate the header row for each sheet (see existing entries for the formula). | D59: You can also add text instead of calculating the values with a formula. However, renaming sheets or adding / removing columns easily breaks references, while formula-generated references remain operational unless one of the referenced columns is deleted. Even in this case, the visual #REF! error is helpful to find and fix the issue. | E59: =IF($K59="","",_xlfn.LET(_xlpm._in,$K59,_xlpm._start,FIND("]",_xlpm._in)+1,SUBSTITUTE(MID(_xlpm._in,_xlpm._start,FIND("!",_xlpm._in)-_xlpm._start),"'",""))) -> Definitions | F59: =IF($K59="","",_xlfn.LET(_xlpm._in,SUBSTITUTE($K59,"$","§",1),_xlpm._start,FIND("§",_xlpm._in)+1,SUBSTITUTE(MID(_xlpm._in,_xlpm._start,FIND("$",_xlpm._in)-_xlpm._start),"'",""))) -> BA | G59: =IF($K59="","",RIGHT($K59,LEN($K59)-FIND("$",SUBSTITUTE($K59,"$","§",1)))) -> 2 | H59: {=CreateID($H$36,$H:$H,$E59<>INDEX($E:$E,ROW()-1))} -> 2 | I59: {=INDIRECT($K59)} -> JSON Export | K59: {=CELL("address",Definitions!$BA$2)} -> '[QuBA-libre.xlsx]Definitions'!$BA$2
A60: {=IF(INDEX($H:$H,ROW()-1)<>$H60,$E60,"")} | B60: {=IF($K60="","",_xlfn.LET(_xlpm._fullName,IF($L60="",SUBSTITUTE(SUBSTITUTE(INDIRECT($K60),CHAR(10)," ")," "," "),$L60),_xlpm._truncatedName,IF(LEN(_xlpm._fullName)>250,LEFT(_xlpm._fullName,250)&"[…]",_xlpm._fullName),HYPERLINK("#'"&$E60&"'!"&$F60&$G60,_xlpm._truncatedName)))} -> Supply Chain Answers | C60: The answer options for QA19 (supply chain partners are trustworthy, not trustworthy, or no supply chain partners exist). | E60: =IF($K60="","",_xlfn.LET(_xlpm._in,$K60,_xlpm._start,FIND("]",_xlpm._in)+1,SUBSTITUTE(MID(_xlpm._in,_xlpm._start,FIND("!",_xlpm._in)-_xlpm._start),"'",""))) -> Definitions | F60: =IF($K60="","",_xlfn.LET(_xlpm._in,SUBSTITUTE($K60,"$","§",1),_xlpm._start,FIND("§",_xlpm._in)+1,SUBSTITUTE(MID(_xlpm._in,_xlpm._start,FIND("$",_xlpm._in)-_xlpm._start),"'",""))) -> BF | G60: =IF($K60="","",RIGHT($K60,LEN($K60)-FIND("$",SUBSTITUTE($K60,"$","§",1)))) -> 2 | H60: {=CreateID($H$36,$H:$H,$E60<>INDEX($E:$E,ROW()-1))} -> 2 | I60: {=INDIRECT($K60)} -> Supply Chain Answers | K60: {=CELL("address",Definitions!$BF$2)} -> '[QuBA-libre.xlsx]Definitions'!$BF$2
A61: {=IF(INDEX($H:$H,ROW()-1)<>$H61,$E61,"")} | B61: {=IF($K61="","",_xlfn.LET(_xlpm._fullName,IF($L61="",SUBSTITUTE(SUBSTITUTE(INDIRECT($K61),CHAR(10)," ")," "," "),$L61),_xlpm._truncatedName,IF(LEN(_xlpm._fullName)>250,LEFT(_xlpm._fullName,250)&"[…]",_xlpm._fullName),HYPERLINK("#'"&$E61&"'!"&$F61&$G61,_xlpm._truncatedName)))} -> Secure Production | C61: Currently not in use. | D61: Defines options to answer question QA18 (related to production security). | E61: =IF($K61="","",_xlfn.LET(_xlpm._in,$K61,_xlpm._start,FIND("]",_xlpm._in)+1,SUBSTITUTE(MID(_xlpm._in,_xlpm._start,FIND("!",_xlpm._in)-_xlpm._start),"'",""))) -> Definitions | F61: =IF($K61="","",_xlfn.LET(_xlpm._in,SUBSTITUTE($K61,"$","§",1),_xlpm._start,FIND("§",_xlpm._in)+1,SUBSTITUTE(MID(_xlpm._in,_xlpm._start,FIND("$",_xlpm._in)-_xlpm._start),"'",""))) -> BI | G61: =IF($K61="","",RIGHT($K61,LEN($K61)-FIND("$",SUBSTITUTE($K61,"$","§",1)))) -> 2 | H61: {=CreateID($H$36,$H:$H,$E61<>INDEX($E:$E,ROW()-1))} -> 2 | I61: {=INDIRECT($K61)} -> Secure Production | K61: {=CELL("address",Definitions!$BI$2)} -> '[QuBA-libre.xlsx]Definitions'!$BI$2
A62: {=IF(INDEX($H:$H,ROW()-1)<>$H62,$E62,"")} | B62: {=IF($K62="","",_xlfn.LET(_xlpm._fullName,IF($L62="",SUBSTITUTE(SUBSTITUTE(INDIRECT($K62),CHAR(10)," ")," "," "),$L62),_xlpm._truncatedName,IF(LEN(_xlpm._fullName)>250,LEFT(_xlpm._fullName,250)&"[…]",_xlpm._fullName),HYPERLINK("#'"&$E62&"'!"&$F62&$G62,_xlpm._truncatedName)))} -> Supply Chain Security | C62: Currently not in use. | D62: Defines options to answer question QA19 (related to supply chain security). | E62: =IF($K62="","",_xlfn.LET(_xlpm._in,$K62,_xlpm._start,FIND("]",_xlpm._in)+1,SUBSTITUTE(MID(_xlpm._in,_xlpm._start,FIND("!",_xlpm._in)-_xlpm._start),"'",""))) -> Definitions | F62: =IF($K62="","",_xlfn.LET(_xlpm._in,SUBSTITUTE($K62,"$","§",1),_xlpm._start,FIND("§",_xlpm._in)+1,SUBSTITUTE(MID(_xlpm._in,_xlpm._start,FIND("$",_xlpm._in)-_xlpm._start),"'",""))) -> BK | G62: =IF($K62="","",RIGHT($K62,LEN($K62)-FIND("$",SUBSTITUTE($K62,"$","§",1)))) -> 2 | H62: {=CreateID($H$36,$H:$H,$E62<>INDEX($E:$E,ROW()-1))} -> 2 | I62: {=INDIRECT($K62)} -> Supply Chain Security | K62: {=CELL("address",Definitions!$BK$2)} -> '[QuBA-libre.xlsx]Definitions'!$BK$2
A63: {=IF(INDEX($H:$H,ROW()-1)<>$H63,$E63,"")} -> Questions | B63: {=IF($K63="","",_xlfn.LET(_xlpm._fullName,IF($L63="",SUBSTITUTE(SUBSTITUTE(INDIRECT($K63),CHAR(10)," ")," "," "),$L63),_xlpm._truncatedName,IF(LEN(_xlpm._fullName)>250,LEFT(_xlpm._fullName,250)&"[…]",_xlpm._fullName),HYPERLINK("#'"&$E63&"'!"&$F63&$G63,_xlpm._truncatedName)))} -> ID | C63: A unique ID for the questionnaire element. | D63: This sheet contains questions as well as headings to structure the questionnaire. | E63: =IF($K63="","",_xlfn.LET(_xlpm._in,$K63,_xlpm._start,FIND("]",_xlpm._in)+1,SUBSTITUTE(MID(_xlpm._in,_xlpm._start,FIND("!",_xlpm._in)-_xlpm._start),"'",""))) -> Questions | F63: =IF($K63="","",_xlfn.LET(_xlpm._in,SUBSTITUTE($K63,"$","§",1),_xlpm._start,FIND("§",_xlpm._in)+1,SUBSTITUTE(MID(_xlpm._in,_xlpm._start,FIND("$",_xlpm._in)-_xlpm._start),"'",""))) -> A | G63: =IF($K63="","",RIGHT($K63,LEN($K63)-FIND("$",SUBSTITUTE($K63,"$","§",1)))) -> 3 | H63: {=CreateID($H$36,$H:$H,$E63<>INDEX($E:$E,ROW()-1))} -> 3 | I63: {=INDIRECT($K63)} -> ID | K63: {=CELL("address",Questions!$A$3)} -> '[QuBA-libre.xlsx]Questions'!$A$3
A64: {=IF(INDEX($H:$H,ROW()-1)<>$H64,$E64,"")} | B64: {=IF($K64="","",_xlfn.LET(_xlpm._fullName,IF($L64="",SUBSTITUTE(SUBSTITUTE(INDIRECT($K64),CHAR(10)," ")," "," "),$L64),_xlpm._truncatedName,IF(LEN(_xlpm._fullName)>250,LEFT(_xlpm._fullName,250)&"[…]",_xlpm._fullName),HYPERLINK("#'"&$E64&"'!"&$F64&$G64,_xlpm._truncatedName)))} -> Text | C64: The text of the questionnaire element. | E64: =IF($K64="","",_xlfn.LET(_xlpm._in,$K64,_xlpm._start,FIND("]",_xlpm._in)+1,SUBSTITUTE(MID(_xlpm._in,_xlpm._start,FIND("!",_xlpm._in)-_xlpm._start),"'",""))) -> Questions | F64: =IF($K64="","",_xlfn.LET(_xlpm._in,SUBSTITUTE($K64,"$","§",1),_xlpm._start,FIND("§",_xlpm._in)+1,SUBSTITUTE(MID(_xlpm._in,_xlpm._start,FIND("$",_xlpm._in)-_xlpm._start),"'",""))) -> B | G64: =IF($K64="","",RIGHT($K64,LEN($K64)-FIND("$",SUBSTITUTE($K64,"$","§",1)))) -> 3 | H64: {=CreateID($H$36,$H:$H,$E64<>INDEX($E:$E,ROW()-1))} -> 3 | I64: {=INDIRECT($K64)} -> Text | K64: {=CELL("address",Questions!$B$3)} -> '[QuBA-libre.xlsx]Questions'!$B$3
A65: {=IF(INDEX($H:$H,ROW()-1)<>$H65,$E65,"")} | B65: {=IF($K65="","",_xlfn.LET(_xlpm._fullName,IF($L65="",SUBSTITUTE(SUBSTITUTE(INDIRECT($K65),CHAR(10)," ")," "," "),$L65),_xlpm._truncatedName,IF(LEN(_xlpm._fullName)>250,LEFT(_xlpm._fullName,250)&"[…]",_xlpm._fullName),HYPERLINK("#'"&$E65&"'!"&$F65&$G65,_xlpm._truncatedName)))} -> Indentation | C65: Defines the indentation of the element in the Questionnaire sheet. | D65: Usually indicates the hierarchy of the element within the sheet. | E65: =IF($K65="","",_xlfn.LET(_xlpm._in,$K65,_xlpm._start,FIND("]",_xlpm._in)+1,SUBSTITUTE(MID(_xlpm._in,_xlpm._start,FIND("!",_xlpm._in)-_xlpm._start),"'",""))) -> Questions | F65: =IF($K65="","",_xlfn.LET(_xlpm._in,SUBSTITUTE($K65,"$","§",1),_xlpm._start,FIND("§",_xlpm._in)+1,SUBSTITUTE(MID(_xlpm._in,_xlpm._start,FIND("$",_xlpm._in)-_xlpm._start),"'",""))) -> C | G65: =IF($K65="","",RIGHT($K65,LEN($K65)-FIND("$",SUBSTITUTE($K65,"$","§",1)))) -> 3 | H65: {=CreateID($H$36,$H:$H,$E65<>INDEX($E:$E,ROW()-1))} -> 3 | I65: {=INDIRECT($K65)} -> Indentation | K65: {=CELL("address",Questions!$C$3)} -> '[QuBA-libre.xlsx]Questions'!$C$3
A66: {=IF(INDEX($H:$H,ROW()-1)<>$H66,$E66,"")} | B66: {=IF($K66="","",_xlfn.LET(_xlpm._fullName,IF($L66="",SUBSTITUTE(SUBSTITUTE(INDIRECT($K66),CHAR(10)," ")," "," "),$L66),_xlpm._truncatedName,IF(LEN(_xlpm._fullName)>250,LEFT(_xlpm._fullName,250)&"[…]",_xlpm._fullName),HYPERLINK("#'"&$E66&"'!"&$F66&$G66,_xlpm._truncatedName)))} -> Is a Question | C66: Defines whether an element is a question or another element. Use an "x" to mark an element as question. | D66: IDs of non-question elements will be hidden in the Questionnaire sheet. | E66: =IF($K66="","",_xlfn.LET(_xlpm._in,$K66,_xlpm._start,FIND("]",_xlpm._in)+1,SUBSTITUTE(MID(_xlpm._in,_xlpm._start,FIND("!",_xlpm._in)-_xlpm._start),"'",""))) -> Questions | F66: =IF($K66="","",_xlfn.LET(_xlpm._in,SUBSTITUTE($K66,"$","§",1),_xlpm._start,FIND("§",_xlpm._in)+1,SUBSTITUTE(MID(_xlpm._in,_xlpm._start,FIND("$",_xlpm._in)-_xlpm._start),"'",""))) -> D | G66: =IF($K66="","",RIGHT($K66,LEN($K66)-FIND("$",SUBSTITUTE($K66,"$","§",1)))) -> 3 | H66: {=CreateID($H$36,$H:$H,$E66<>INDEX($E:$E,ROW()-1))} -> 3 | I66: {=INDIRECT($K66)} -> Is a Question | K66: {=CELL("address",Questions!$D$3)} -> '[QuBA-libre.xlsx]Questions'!$D$3
A67: {=IF(INDEX($H:$H,ROW()-1)<>$H67,$E67,"")} | B67: {=IF($K67="","",_xlfn.LET(_xlpm._fullName,IF($L67="",SUBSTITUTE(SUBSTITUTE(INDIRECT($K67),CHAR(10)," ")," "," "),$L67),_xlpm._truncatedName,IF(LEN(_xlpm._fullName)>250,LEFT(_xlpm._fullName,250)&"[…]",_xlpm._fullName),HYPERLINK("#'"&$E67&"'!"&$F67&$G67,_xlpm._truncatedName)))} -> Options Range Header | C67: Provide the address of the topmost cell in the range of possible answers to the question. This range defines the values in the drop-down menu for Answer 1 on the Questionnaire sheet. | D67: ="Use this formula (replace A1 with the correct value): "&_xlfn.FORMULATEXT(M67) -> Use this formula (replace A1 with the correct value): =ZELLE("address";A1) | E67: =IF($K67="","",_xlfn.LET(_xlpm._in,$K67,_xlpm._start,FIND("]",_xlpm._in)+1,SUBSTITUTE(MID(_xlpm._in,_xlpm._start,FIND("!",_xlpm._in)-_xlpm._start),"'",""))) -> Questions | F67: =IF($K67="","",_xlfn.LET(_xlpm._in,SUBSTITUTE($K67,"$","§",1),_xlpm._start,FIND("§",_xlpm._in)+1,SUBSTITUTE(MID(_xlpm._in,_xlpm._start,FIND("$",_xlpm._in)-_xlpm._start),"'",""))) -> E | G67: =IF($K67="","",RIGHT($K67,LEN($K67)-FIND("$",SUBSTITUTE($K67,"$","§",1)))) -> 3 | H67: {=CreateID($H$36,$H:$H,$E67<>INDEX($E:$E,ROW()-1))} -> 3 | I67: {=INDIRECT($K67)} -> Options Range Header | K67: {=CELL("address",Questions!$E$3)} -> '[QuBA-libre.xlsx]Questions'!$E$3 | M67: {=CELL("address",A1)} -> $A$1
A68: {=IF(INDEX($H:$H,ROW()-1)<>$H68,$E68,"")} | B68: {=IF($K68="","",_xlfn.LET(_xlpm._fullName,IF($L68="",SUBSTITUTE(SUBSTITUTE(INDIRECT($K68),CHAR(10)," ")," "," "),$L68),_xlpm._truncatedName,IF(LEN(_xlpm._fullName)>250,LEFT(_xlpm._fullName,250)&"[…]",_xlpm._fullName),HYPERLINK("#'"&$E68&"'!"&$F68&$G68,_xlpm._truncatedName)))} -> Height | C68: Provide the height of the answer options. | D68: ="Use this formula (replace A1 with the correct values): "&_xlfn.FORMULATEXT(M68) -> Use this formula (replace A1 with the correct values): =ZEILEN(A1:A1) | E68: =IF($K68="","",_xlfn.LET(_xlpm._in,$K68,_xlpm._start,FIND("]",_xlpm._in)+1,SUBSTITUTE(MID(_xlpm._in,_xlpm._start,FIND("!",_xlpm._in)-_xlpm._start),"'",""))) -> Questions | F68: =IF($K68="","",_xlfn.LET(_xlpm._in,SUBSTITUTE($K68,"$","§",1),_xlpm._start,FIND("§",_xlpm._in)+1,SUBSTITUTE(MID(_xlpm._in,_xlpm._start,FIND("$",_xlpm._in)-_xlpm._start),"'",""))) -> F | G68: =IF($K68="","",RIGHT($K68,LEN($K68)-FIND("$",SUBSTITUTE($K68,"$","§",1)))) -> 3 | H68: {=CreateID($H$36,$H:$H,$E68<>INDEX($E:$E,ROW()-1))} -> 3 | I68: {=INDIRECT($K68)} -> Height | K68: {=CELL("address",Questions!$F$3)} -> '[QuBA-libre.xlsx]Questions'!$F$3 | M68: =ROWS(A1:A1) -> 1
A69: {=IF(INDEX($H:$H,ROW()-1)<>$H69,$E69,"")} | B69: {=IF($K69="","",_xlfn.LET(_xlpm._fullName,IF($L69="",SUBSTITUTE(SUBSTITUTE(INDIRECT($K69),CHAR(10)," ")," "," "),$L69),_xlpm._truncatedName,IF(LEN(_xlpm._fullName)>250,LEFT(_xlpm._fullName,250)&"[…]",_xlpm._fullName),HYPERLINK("#'"&$E69&"'!"&$F69&$G69,_xlpm._truncatedName)))} -> Resulting Options | C69: Calculated: Displays the values in the provided range (see the previous two columns). | E69: =IF($K69="","",_xlfn.LET(_xlpm._in,$K69,_xlpm._start,FIND("]",_xlpm._in)+1,SUBSTITUTE(MID(_xlpm._in,_xlpm._start,FIND("!",_xlpm._in)-_xlpm._start),"'",""))) -> Questions | F69: =IF($K69="","",_xlfn.LET(_xlpm._in,SUBSTITUTE($K69,"$","§",1),_xlpm._start,FIND("§",_xlpm._in)+1,SUBSTITUTE(MID(_xlpm._in,_xlpm._start,FIND("$",_xlpm._in)-_xlpm._start),"'",""))) -> G | G69: =IF($K69="","",RIGHT($K69,LEN($K69)-FIND("$",SUBSTITUTE($K69,"$","§",1)))) -> 3 | H69: {=CreateID($H$36,$H:$H,$E69<>INDEX($E:$E,ROW()-1))} -> 3 | I69: {=INDIRECT($K69)} -> Resulting Options | K69: {=CELL("address",Questions!$G$3)} -> '[QuBA-libre.xlsx]Questions'!$G$3
A70: {=IF(INDEX($H:$H,ROW()-1)<>$H70,$E70,"")} | B70: {=IF($K70="","",_xlfn.LET(_xlpm._fullName,IF($L70="",SUBSTITUTE(SUBSTITUTE(INDIRECT($K70),CHAR(10)," ")," "," "),$L70),_xlpm._truncatedName,IF(LEN(_xlpm._fullName)>250,LEFT(_xlpm._fullName,250)&"[…]",_xlpm._fullName),HYPERLINK("#'"&$E70&"'!"&$F70&$G70,_xlpm._truncatedName)))} -> Info Text | C70: Provide the text to be displayed, depending on the provided answer. Make sure that all values are covered, potentially by an empty string. | D70: Syntax: <Answer value 1>: <Text value 1>Line_break … <Answer value n>: <Text value n> | E70: =IF($K70="","",_xlfn.LET(_xlpm._in,$K70,_xlpm._start,FIND("]",_xlpm._in)+1,SUBSTITUTE(MID(_xlpm._in,_xlpm._start,FIND("!",_xlpm._in)-_xlpm._start),"'",""))) -> Questions | F70: =IF($K70="","",_xlfn.LET(_xlpm._in,SUBSTITUTE($K70,"$","§",1),_xlpm._start,FIND("§",_xlpm._in)+1,SUBSTITUTE(MID(_xlpm._in,_xlpm._start,FIND("$",_xlpm._in)-_xlpm._start),"'",""))) -> H | G70: =IF($K70="","",RIGHT($K70,LEN($K70)-FIND("$",SUBSTITUTE($K70,"$","§",1)))) -> 3 | H70: {=CreateID($H$36,$H:$H,$E70<>INDEX($E:$E,ROW()-1))} -> 3 | I70: {=INDIRECT($K70)} -> Info Text | K70: {=CELL("address",Questions!$H$3)} -> '[QuBA-libre.xlsx]Questions'!$H$3
A71: {=IF(INDEX($H:$H,ROW()-1)<>$H71,$E71,"")} | B71: {=IF($K71="","",_xlfn.LET(_xlpm._fullName,IF($L71="",SUBSTITUTE(SUBSTITUTE(INDIRECT($K71),CHAR(10)," ")," "," "),$L71),_xlpm._truncatedName,IF(LEN(_xlpm._fullName)>250,LEFT(_xlpm._fullName,250)&"[…]",_xlpm._fullName),HYPERLINK("#'"&$E71&"'!"&$F71&$G71,_xlpm._truncatedName)))} -> Options Range Header | C71: For each possible answer to the first question, decide whether a second question or additional information in the comment is required. If this is the case, add a line with the answer to the first question, followed by ":". Then, in the next line, provide the address of the topmost cell in the range of possible answers to the question. This range defines the values in the drop-down menu for Answer 2 on the Questionnaire sheet. If you only want a text requesting additional information, then provide no topmost cell after the ":". | D71: ="Use this formula (replace A1 with the correct value) to reference the topmost cell: "&_xlfn.FORMULATEXT(M71)&" Example: Yes: <Reference> No:" -> Use this formula (replace A1 with the correct value) to reference the topmost cell: =ZELLE("address";A1) Example: Yes: <Reference> No: | E71: =IF($K71="","",_xlfn.LET(_xlpm._in,$K71,_xlpm._start,FIND("]",_xlpm._in)+1,SUBSTITUTE(MID(_xlpm._in,_xlpm._start,FIND("!",_xlpm._in)-_xlpm._start),"'",""))) -> Questions | F71: =IF($K71="","",_xlfn.LET(_xlpm._in,SUBSTITUTE($K71,"$","§",1),_xlpm._start,FIND("§",_xlpm._in)+1,SUBSTITUTE(MID(_xlpm._in,_xlpm._start,FIND("$",_xlpm._in)-_xlpm._start),"'",""))) -> I | G71: =IF($K71="","",RIGHT($K71,LEN($K71)-FIND("$",SUBSTITUTE($K71,"$","§",1)))) -> 3 | H71: {=CreateID($H$36,$H:$H,$E71<>INDEX($E:$E,ROW()-1))} -> 3 | I71: {=INDIRECT($K71)} -> Options Range Header | K71: {=CELL("address",Questions!$I$3)} -> '[QuBA-libre.xlsx]Questions'!$I$3 | M71: {=CELL("address",A1)} -> $A$1
A72: {=IF(INDEX($H:$H,ROW()-1)<>$H72,$E72,"")} | B72: {=IF($K72="","",_xlfn.LET(_xlpm._fullName,IF($L72="",SUBSTITUTE(SUBSTITUTE(INDIRECT($K72),CHAR(10)," ")," "," "),$L72),_xlpm._truncatedName,IF(LEN(_xlpm._fullName)>250,LEFT(_xlpm._fullName,250)&"[…]",_xlpm._fullName),HYPERLINK("#'"&$E72&"'!"&$F72&$G72,_xlpm._truncatedName)))} -> Height | C72: Provide the height of the answer options for each first answer. If you only want a text requesting additional information, then height = 0. | D72: ="Use this formula (replace A1 with the correct values) to calculate the height: "&_xlfn.FORMULATEXT(M72)&" Example: Yes: 2 No: 0" -> Use this formula (replace A1 with the correct values) to calculate the height: =ZEILEN(A1:A1) Example: Yes: 2 No: 0 | E72: =IF($K72="","",_xlfn.LET(_xlpm._in,$K72,_xlpm._start,FIND("]",_xlpm._in)+1,SUBSTITUTE(MID(_xlpm._in,_xlpm._start,FIND("!",_xlpm._in)-_xlpm._start),"'",""))) -> Questions | F72: =IF($K72="","",_xlfn.LET(_xlpm._in,SUBSTITUTE($K72,"$","§",1),_xlpm._start,FIND("§",_xlpm._in)+1,SUBSTITUTE(MID(_xlpm._in,_xlpm._start,FIND("$",_xlpm._in)-_xlpm._start),"'",""))) -> J | G72: =IF($K72="","",RIGHT($K72,LEN($K72)-FIND("$",SUBSTITUTE($K72,"$","§",1)))) -> 3 | H72: {=CreateID($H$36,$H:$H,$E72<>INDEX($E:$E,ROW()-1))} -> 3 | I72: {=INDIRECT($K72)} -> Height | K72: {=CELL("address",Questions!$J$3)} -> '[QuBA-libre.xlsx]Questions'!$J$3 | M72: =ROWS(A1:A1) -> 1
A73: {=IF(INDEX($H:$H,ROW()-1)<>$H73,$E73,"")} | B73: {=IF($K73="","",_xlfn.LET(_xlpm._fullName,IF($L73="",SUBSTITUTE(SUBSTITUTE(INDIRECT($K73),CHAR(10)," ")," "," "),$L73),_xlpm._truncatedName,IF(LEN(_xlpm._fullName)>250,LEFT(_xlpm._fullName,250)&"[…]",_xlpm._fullName),HYPERLINK("#'"&$E73&"'!"&$F73&$G73,_xlpm._truncatedName)))} -> Resulting Options | C73: Calculated: Displays the values in the provided range (see the previous two columns). | E73: =IF($K73="","",_xlfn.LET(_xlpm._in,$K73,_xlpm._start,FIND("]",_xlpm._in)+1,SUBSTITUTE(MID(_xlpm._in,_xlpm._start,FIND("!",_xlpm._in)-_xlpm._start),"'",""))) -> Questions | F73: =IF($K73="","",_xlfn.LET(_xlpm._in,SUBSTITUTE($K73,"$","§",1),_xlpm._start,FIND("§",_xlpm._in)+1,SUBSTITUTE(MID(_xlpm._in,_xlpm._start,FIND("$",_xlpm._in)-_xlpm._start),"'",""))) -> K | G73: =IF($K73="","",RIGHT($K73,LEN($K73)-FIND("$",SUBSTITUTE($K73,"$","§",1)))) -> 3 | H73: {=CreateID($H$36,$H:$H,$E73<>INDEX($E:$E,ROW()-1))} -> 3 | I73: {=INDIRECT($K73)} -> Resulting Options | K73: {=CELL("address",Questions!$K$3)} -> '[QuBA-libre.xlsx]Questions'!$K$3
A74: {=IF(INDEX($H:$H,ROW()-1)<>$H74,$E74,"")} | B74: {=IF($K74="","",_xlfn.LET(_xlpm._fullName,IF($L74="",SUBSTITUTE(SUBSTITUTE(INDIRECT($K74),CHAR(10)," ")," "," "),$L74),_xlpm._truncatedName,IF(LEN(_xlpm._fullName)>250,LEFT(_xlpm._fullName,250)&"[…]",_xlpm._fullName),HYPERLINK("#'"&$E74&"'!"&$F74&$G74,_xlpm._truncatedName)))} -> Info Text | C74: Provide the text to be displayed, depending on the provided first and second answer. Make sure that all values are covered, potentially by an empty string. You can use "*:" to catch all cases. | D74: Syntax: ___<First answer value 1>___ <Second answer value 1>: <Text value 1><Line_break> … <Second answer value n>: <Text value n><Line_break> … ___<First answer value m>___ <Second answer value 1>: <Text value 1><Line_break> … <Second answer value k>: <Text value k> Alternatively to the <Second answer to value 1> to <Second answer to value n> blocks, you can use: *: <Text value for all cases><Line_break> | E74: =IF($K74="","",_xlfn.LET(_xlpm._in,$K74,_xlpm._start,FIND("]",_xlpm._in)+1,SUBSTITUTE(MID(_xlpm._in,_xlpm._start,FIND("!",_xlpm._in)-_xlpm._start),"'",""))) -> Questions | F74: =IF($K74="","",_xlfn.LET(_xlpm._in,SUBSTITUTE($K74,"$","§",1),_xlpm._start,FIND("§",_xlpm._in)+1,SUBSTITUTE(MID(_xlpm._in,_xlpm._start,FIND("$",_xlpm._in)-_xlpm._start),"'",""))) -> L | G74: =IF($K74="","",RIGHT($K74,LEN($K74)-FIND("$",SUBSTITUTE($K74,"$","§",1)))) -> 3 | H74: {=CreateID($H$36,$H:$H,$E74<>INDEX($E:$E,ROW()-1))} -> 3 | I74: {=INDIRECT($K74)} -> Info Text | K74: {=CELL("address",Questions!$L$3)} -> '[QuBA-libre.xlsx]Questions'!$L$3
A75: {=IF(INDEX($H:$H,ROW()-1)<>$H75,$E75,"")} | B75: {=IF($K75="","",_xlfn.LET(_xlpm._fullName,IF($L75="",SUBSTITUTE(SUBSTITUTE(INDIRECT($K75),CHAR(10)," ")," "," "),$L75),_xlpm._truncatedName,IF(LEN(_xlpm._fullName)>250,LEFT(_xlpm._fullName,250)&"[…]",_xlpm._fullName),HYPERLINK("#'"&$E75&"'!"&$F75&$G75,_xlpm._truncatedName)))} -> Inactive On | C75: List answers that cause this element to become inactive. | D75: Syntax: <Question ID>[<Answer>], … Example: QA1[No], QA7[No] | E75: =IF($K75="","",_xlfn.LET(_xlpm._in,$K75,_xlpm._start,FIND("]",_xlpm._in)+1,SUBSTITUTE(MID(_xlpm._in,_xlpm._start,FIND("!",_xlpm._in)-_xlpm._start),"'",""))) -> Questions | F75: =IF($K75="","",_xlfn.LET(_xlpm._in,SUBSTITUTE($K75,"$","§",1),_xlpm._start,FIND("§",_xlpm._in)+1,SUBSTITUTE(MID(_xlpm._in,_xlpm._start,FIND("$",_xlpm._in)-_xlpm._start),"'",""))) -> M | G75: =IF($K75="","",RIGHT($K75,LEN($K75)-FIND("$",SUBSTITUTE($K75,"$","§",1)))) -> 3 | H75: {=CreateID($H$36,$H:$H,$E75<>INDEX($E:$E,ROW()-1))} -> 3 | I75: {=INDIRECT($K75)} -> Inactive On | K75: {=CELL("address",Questions!$M$3)} -> '[QuBA-libre.xlsx]Questions'!$M$3
A76: {=IF(INDEX($H:$H,ROW()-1)<>$H76,$E76,"")} | B76: {=IF($K76="","",_xlfn.LET(_xlpm._fullName,IF($L76="",SUBSTITUTE(SUBSTITUTE(INDIRECT($K76),CHAR(10)," ")," "," "),$L76),_xlpm._truncatedName,IF(LEN(_xlpm._fullName)>250,LEFT(_xlpm._fullName,250)&"[…]",_xlpm._fullName),HYPERLINK("#'"&$E76&"'!"&$F76&$G76,_xlpm._truncatedName)))} -> Comment | C76: Provide comments. | E76: =IF($K76="","",_xlfn.LET(_xlpm._in,$K76,_xlpm._start,FIND("]",_xlpm._in)+1,SUBSTITUTE(MID(_xlpm._in,_xlpm._start,FIND("!",_xlpm._in)-_xlpm._start),"'",""))) -> Questions | F76: =IF($K76="","",_xlfn.LET(_xlpm._in,SUBSTITUTE($K76,"$","§",1),_xlpm._start,FIND("§",_xlpm._in)+1,SUBSTITUTE(MID(_xlpm._in,_xlpm._start,FIND("$",_xlpm._in)-_xlpm._start),"'",""))) -> N | G76: =IF($K76="","",RIGHT($K76,LEN($K76)-FIND("$",SUBSTITUTE($K76,"$","§",1)))) -> 3 | H76: {=CreateID($H$36,$H:$H,$E76<>INDEX($E:$E,ROW()-1))} -> 3 | I76: {=INDIRECT($K76)} -> Comment | K76: {=CELL("address",Questions!$N$3)} -> '[QuBA-libre.xlsx]Questions'!$N$3
A77: {=IF(INDEX($H:$H,ROW()-1)<>$H77,$E77,"")} -> Damage Scenarios | B77: {=IF($K77="","",_xlfn.LET(_xlpm._fullName,IF($L77="",SUBSTITUTE(SUBSTITUTE(INDIRECT($K77),CHAR(10)," ")," "," "),$L77),_xlpm._truncatedName,IF(LEN(_xlpm._fullName)>250,LEFT(_xlpm._fullName,250)&"[…]",_xlpm._fullName),HYPERLINK("#'"&$E77&"'!"&$F77&$G77,_xlpm._truncatedName)))} -> ID | C77: A unique ID for the damage scenario. | E77: =IF($K77="","",_xlfn.LET(_xlpm._in,$K77,_xlpm._start,FIND("]",_xlpm._in)+1,SUBSTITUTE(MID(_xlpm._in,_xlpm._start,FIND("!",_xlpm._in)-_xlpm._start),"'",""))) -> Damage Scenarios | F77: =IF($K77="","",_xlfn.LET(_xlpm._in,SUBSTITUTE($K77,"$","§",1),_xlpm._start,FIND("§",_xlpm._in)+1,SUBSTITUTE(MID(_xlpm._in,_xlpm._start,FIND("$",_xlpm._in)-_xlpm._start),"'",""))) -> A | G77: =IF($K77="","",RIGHT($K77,LEN($K77)-FIND("$",SUBSTITUTE($K77,"$","§",1)))) -> 2 | H77: {=CreateID($H$36,$H:$H,$E77<>INDEX($E:$E,ROW()-1))} -> 4 | I77: {=INDIRECT($K77)} -> ID | K77: {=CELL("address",OFFSET('Damage Scenarios'!$A$2,0,ROW()-ROW($K$77)))} -> '[QuBA-libre.xlsx]Damage Scenarios'!$A$2
A78: {=IF(INDEX($H:$H,ROW()-1)<>$H78,$E78,"")} | B78: {=IF($K78="","",_xlfn.LET(_xlpm._fullName,IF($L78="",SUBSTITUTE(SUBSTITUTE(INDIRECT($K78),CHAR(10)," ")," "," "),$L78),_xlpm._truncatedName,IF(LEN(_xlpm._fullName)>250,LEFT(_xlpm._fullName,250)&"[…]",_xlpm._fullName),HYPERLINK("#'"&$E78&"'!"&$F78&$G78,_xlpm._truncatedName)))} -> Q ID | C78: ID of the question making this damage scenario active if answered accordingly. | E78: =IF($K78="","",_xlfn.LET(_xlpm._in,$K78,_xlpm._start,FIND("]",_xlpm._in)+1,SUBSTITUTE(MID(_xlpm._in,_xlpm._start,FIND("!",_xlpm._in)-_xlpm._start),"'",""))) -> Damage Scenarios | F78: =IF($K78="","",_xlfn.LET(_xlpm._in,SUBSTITUTE($K78,"$","§",1),_xlpm._start,FIND("§",_xlpm._in)+1,SUBSTITUTE(MID(_xlpm._in,_xlpm._start,FIND("$",_xlpm._in)-_xlpm._start),"'",""))) -> B | G78: =IF($K78="","",RIGHT($K78,LEN($K78)-FIND("$",SUBSTITUTE($K78,"$","§",1)))) -> 2 | H78: {=CreateID($H$36,$H:$H,$E78<>INDEX($E:$E,ROW()-1))} -> 4 | I78: {=INDIRECT($K78)} -> Q ID | K78: {=CELL("address",OFFSET('Damage Scenarios'!$A$2,0,ROW()-ROW($K$77)))} -> '[QuBA-libre.xlsx]Damage Scenarios'!$B$2
A79: {=IF(INDEX($H:$H,ROW()-1)<>$H79,$E79,"")} | B79: {=IF($K79="","",_xlfn.LET(_xlpm._fullName,IF($L79="",SUBSTITUTE(SUBSTITUTE(INDIRECT($K79),CHAR(10)," ")," "," "),$L79),_xlpm._truncatedName,IF(LEN(_xlpm._fullName)>250,LEFT(_xlpm._fullName,250)&"[…]",_xlpm._fullName),HYPERLINK("#'"&$E79&"'!"&$F79&$G79,_xlpm._truncatedName)))} -> Question | C79: Calculated: The full text of the question matching the ID provided in the previous column. | E79: =IF($K79="","",_xlfn.LET(_xlpm._in,$K79,_xlpm._start,FIND("]",_xlpm._in)+1,SUBSTITUTE(MID(_xlpm._in,_xlpm._start,FIND("!",_xlpm._in)-_xlpm._start),"'",""))) -> Damage Scenarios | F79: =IF($K79="","",_xlfn.LET(_xlpm._in,SUBSTITUTE($K79,"$","§",1),_xlpm._start,FIND("§",_xlpm._in)+1,SUBSTITUTE(MID(_xlpm._in,_xlpm._start,FIND("$",_xlpm._in)-_xlpm._start),"'",""))) -> C | G79: =IF($K79="","",RIGHT($K79,LEN($K79)-FIND("$",SUBSTITUTE($K79,"$","§",1)))) -> 2 | H79: {=CreateID($H$36,$H:$H,$E79<>INDEX($E:$E,ROW()-1))} -> 4 | I79: {=INDIRECT($K79)} -> Question | K79: {=CELL("address",OFFSET('Damage Scenarios'!$A$2,0,ROW()-ROW($K$77)))} -> '[QuBA-libre.xlsx]Damage Scenarios'!$C$2
A80: {=IF(INDEX($H:$H,ROW()-1)<>$H80,$E80,"")} | B80: {=IF($K80="","",_xlfn.LET(_xlpm._fullName,IF($L80="",SUBSTITUTE(SUBSTITUTE(INDIRECT($K80),CHAR(10)," ")," "," "),$L80),_xlpm._truncatedName,IF(LEN(_xlpm._fullName)>250,LEFT(_xlpm._fullName,250)&"[…]",_xlpm._fullName),HYPERLINK("#'"&$E80&"'!"&$F80&$G80,_xlpm._truncatedName)))} -> Is Active? | C80: Provide criteria (in a formula) defining when the damage scenario becomes active. | E80: =IF($K80="","",_xlfn.LET(_xlpm._in,$K80,_xlpm._start,FIND("]",_xlpm._in)+1,SUBSTITUTE(MID(_xlpm._in,_xlpm._start,FIND("!",_xlpm._in)-_xlpm._start),"'",""))) -> Damage Scenarios | F80: =IF($K80="","",_xlfn.LET(_xlpm._in,SUBSTITUTE($K80,"$","§",1),_xlpm._start,FIND("§",_xlpm._in)+1,SUBSTITUTE(MID(_xlpm._in,_xlpm._start,FIND("$",_xlpm._in)-_xlpm._start),"'",""))) -> D | G80: =IF($K80="","",RIGHT($K80,LEN($K80)-FIND("$",SUBSTITUTE($K80,"$","§",1)))) -> 2 | H80: {=CreateID($H$36,$H:$H,$E80<>INDEX($E:$E,ROW()-1))} -> 4 | I80: {=INDIRECT($K80)} -> Is Active? | K80: {=CELL("address",OFFSET('Damage Scenarios'!$A$2,0,ROW()-ROW($K$77)))} -> '[QuBA-libre.xlsx]Damage Scenarios'!$D$2
A81: {=IF(INDEX($H:$H,ROW()-1)<>$H81,$E81,"")} | B81: {=IF($K81="","",_xlfn.LET(_xlpm._fullName,IF($L81="",SUBSTITUTE(SUBSTITUTE(INDIRECT($K81),CHAR(10)," ")," "," "),$L81),_xlpm._truncatedName,IF(LEN(_xlpm._fullName)>250,LEFT(_xlpm._fullName,250)&"[…]",_xlpm._fullName),HYPERLINK("#'"&$E81&"'!"&$F81&$G81,_xlpm._truncatedName)))} -> Damage Scenario Static Text Prefix | C81: The text of the damage scenario can be calculated from the answers in the Questionnaire sheet. This static prefix is always used if the damage scenario is active. | E81: =IF($K81="","",_xlfn.LET(_xlpm._in,$K81,_xlpm._start,FIND("]",_xlpm._in)+1,SUBSTITUTE(MID(_xlpm._in,_xlpm._start,FIND("!",_xlpm._in)-_xlpm._start),"'",""))) -> Damage Scenarios | F81: =IF($K81="","",_xlfn.LET(_xlpm._in,SUBSTITUTE($K81,"$","§",1),_xlpm._start,FIND("§",_xlpm._in)+1,SUBSTITUTE(MID(_xlpm._in,_xlpm._start,FIND("$",_xlpm._in)-_xlpm._start),"'",""))) -> E | G81: =IF($K81="","",RIGHT($K81,LEN($K81)-FIND("$",SUBSTITUTE($K81,"$","§",1)))) -> 2 | H81: {=CreateID($H$36,$H:$H,$E81<>INDEX($E:$E,ROW()-1))} -> 4 | I81: {=INDIRECT($K81)} -> Damage Scenario Static Text Prefix | K81: {=CELL("address",OFFSET('Damage Scenarios'!$A$2,0,ROW()-ROW($K$77)))} -> '[QuBA-libre.xlsx]Damage Scenarios'!$E$2
A82: {=IF(INDEX($H:$H,ROW()-1)<>$H82,$E82,"")} | B82: {=IF($K82="","",_xlfn.LET(_xlpm._fullName,IF($L82="",SUBSTITUTE(SUBSTITUTE(INDIRECT($K82),CHAR(10)," ")," "," "),$L82),_xlpm._truncatedName,IF(LEN(_xlpm._fullName)>250,LEFT(_xlpm._fullName,250)&"[…]",_xlpm._fullName),HYPERLINK("#'"&$E82&"'!"&$F82&$G82,_xlpm._truncatedName)))} -> Questionnaire Provides Damage Criterion? | C82: Place an x here if the second answer in the Questionnaire sheet contains the damage criterion for the damage scenario. | E82: =IF($K82="","",_xlfn.LET(_xlpm._in,$K82,_xlpm._start,FIND("]",_xlpm._in)+1,SUBSTITUTE(MID(_xlpm._in,_xlpm._start,FIND("!",_xlpm._in)-_xlpm._start),"'",""))) -> Damage Scenarios | F82: =IF($K82="","",_xlfn.LET(_xlpm._in,SUBSTITUTE($K82,"$","§",1),_xlpm._start,FIND("§",_xlpm._in)+1,SUBSTITUTE(MID(_xlpm._in,_xlpm._start,FIND("$",_xlpm._in)-_xlpm._start),"'",""))) -> F | G82: =IF($K82="","",RIGHT($K82,LEN($K82)-FIND("$",SUBSTITUTE($K82,"$","§",1)))) -> 2 | H82: {=CreateID($H$36,$H:$H,$E82<>INDEX($E:$E,ROW()-1))} -> 4 | I82: {=INDIRECT($K82)} -> Questionnaire Provides Damage Criterion? | K82: {=CELL("address",OFFSET('Damage Scenarios'!$A$2,0,ROW()-ROW($K$77)))} -> '[QuBA-libre.xlsx]Damage Scenarios'!$F$2
A83: {=IF(INDEX($H:$H,ROW()-1)<>$H83,$E83,"")} | B83: {=IF($K83="","",_xlfn.LET(_xlpm._fullName,IF($L83="",SUBSTITUTE(SUBSTITUTE(INDIRECT($K83),CHAR(10)," ")," "," "),$L83),_xlpm._truncatedName,IF(LEN(_xlpm._fullName)>250,LEFT(_xlpm._fullName,250)&"[…]",_xlpm._fullName),HYPERLINK("#'"&$E83&"'!"&$F83&$G83,_xlpm._truncatedName)))} -> Damage Scenario Static Text Suffix | C83: A static suffix -- cf. the Static Text Prefix explanation. | E83: =IF($K83="","",_xlfn.LET(_xlpm._in,$K83,_xlpm._start,FIND("]",_xlpm._in)+1,SUBSTITUTE(MID(_xlpm._in,_xlpm._start,FIND("!",_xlpm._in)-_xlpm._start),"'",""))) -> Damage Scenarios | F83: =IF($K83="","",_xlfn.LET(_xlpm._in,SUBSTITUTE($K83,"$","§",1),_xlpm._start,FIND("§",_xlpm._in)+1,SUBSTITUTE(MID(_xlpm._in,_xlpm._start,FIND("$",_xlpm._in)-_xlpm._start),"'",""))) -> G | G83: =IF($K83="","",RIGHT($K83,LEN($K83)-FIND("$",SUBSTITUTE($K83,"$","§",1)))) -> 2 | H83: {=CreateID($H$36,$H:$H,$E83<>INDEX($E:$E,ROW()-1))} -> 4 | I83: {=INDIRECT($K83)} -> Damage Scenario Static Text Suffix | K83: {=CELL("address",OFFSET('Damage Scenarios'!$A$2,0,ROW()-ROW($K$77)))} -> '[QuBA-libre.xlsx]Damage Scenarios'!$G$2
A84: {=IF(INDEX($H:$H,ROW()-1)<>$H84,$E84,"")} | B84: {=IF($K84="","",_xlfn.LET(_xlpm._fullName,IF($L84="",SUBSTITUTE(SUBSTITUTE(INDIRECT($K84),CHAR(10)," ")," "," "),$L84),_xlpm._truncatedName,IF(LEN(_xlpm._fullName)>250,LEFT(_xlpm._fullName,250)&"[…]",_xlpm._fullName),HYPERLINK("#'"&$E84&"'!"&$F84&$G84,_xlpm._truncatedName)))} -> Answer 1 | C84: Calculated: The first answer provided in the Questionnaire sheet to the referenced question (see the ID column). | E84: =IF($K84="","",_xlfn.LET(_xlpm._in,$K84,_xlpm._start,FIND("]",_xlpm._in)+1,SUBSTITUTE(MID(_xlpm._in,_xlpm._start,FIND("!",_xlpm._in)-_xlpm._start),"'",""))) -> Damage Scenarios | F84: =IF($K84="","",_xlfn.LET(_xlpm._in,SUBSTITUTE($K84,"$","§",1),_xlpm._start,FIND("§",_xlpm._in)+1,SUBSTITUTE(MID(_xlpm._in,_xlpm._start,FIND("$",_xlpm._in)-_xlpm._start),"'",""))) -> H | G84: =IF($K84="","",RIGHT($K84,LEN($K84)-FIND("$",SUBSTITUTE($K84,"$","§",1)))) -> 2 | H84: {=CreateID($H$36,$H:$H,$E84<>INDEX($E:$E,ROW()-1))} -> 4 | I84: {=INDIRECT($K84)} -> Answer 1 | K84: {=CELL("address",OFFSET('Damage Scenarios'!$A$2,0,ROW()-ROW($K$77)))} -> '[QuBA-libre.xlsx]Damage Scenarios'!$H$2
A85: {=IF(INDEX($H:$H,ROW()-1)<>$H85,$E85,"")} | B85: {=IF($K85="","",_xlfn.LET(_xlpm._fullName,IF($L85="",SUBSTITUTE(SUBSTITUTE(INDIRECT($K85),CHAR(10)," ")," "," "),$L85),_xlpm._truncatedName,IF(LEN(_xlpm._fullName)>250,LEFT(_xlpm._fullName,250)&"[…]",_xlpm._fullName),HYPERLINK("#'"&$E85&"'!"&$F85&$G85,_xlpm._truncatedName)))} -> Answer 2 | C85: Calculated: The second answer provided in the Questionnaire sheet to the referenced question (see the ID column). | E85: =IF($K85="","",_xlfn.LET(_xlpm._in,$K85,_xlpm._start,FIND("]",_xlpm._in)+1,SUBSTITUTE(MID(_xlpm._in,_xlpm._start,FIND("!",_xlpm._in)-_xlpm._start),"'",""))) -> Damage Scenarios | F85: =IF($K85="","",_xlfn.LET(_xlpm._in,SUBSTITUTE($K85,"$","§",1),_xlpm._start,FIND("§",_xlpm._in)+1,SUBSTITUTE(MID(_xlpm._in,_xlpm._start,FIND("$",_xlpm._in)-_xlpm._start),"'",""))) -> I | G85: =IF($K85="","",RIGHT($K85,LEN($K85)-FIND("$",SUBSTITUTE($K85,"$","§",1)))) -> 2 | H85: {=CreateID($H$36,$H:$H,$E85<>INDEX($E:$E,ROW()-1))} -> 4 | I85: {=INDIRECT($K85)} -> Answer 2 | K85: {=CELL("address",OFFSET('Damage Scenarios'!$A$2,0,ROW()-ROW($K$77)))} -> '[QuBA-libre.xlsx]Damage Scenarios'!$I$2
A86: {=IF(INDEX($H:$H,ROW()-1)<>$H86,$E86,"")} | B86: {=IF($K86="","",_xlfn.LET(_xlpm._fullName,IF($L86="",SUBSTITUTE(SUBSTITUTE(INDIRECT($K86),CHAR(10)," ")," "," "),$L86),_xlpm._truncatedName,IF(LEN(_xlpm._fullName)>250,LEFT(_xlpm._fullName,250)&"[…]",_xlpm._fullName),HYPERLINK("#'"&$E86&"'!"&$F86&$G86,_xlpm._truncatedName)))} -> Damage Scenario Text (depends on answers to questionnaire) | C86: Calculated: The resulting damage scenario text. | E86: =IF($K86="","",_xlfn.LET(_xlpm._in,$K86,_xlpm._start,FIND("]",_xlpm._in)+1,SUBSTITUTE(MID(_xlpm._in,_xlpm._start,FIND("!",_xlpm._in)-_xlpm._start),"'",""))) -> Damage Scenarios | F86: =IF($K86="","",_xlfn.LET(_xlpm._in,SUBSTITUTE($K86,"$","§",1),_xlpm._start,FIND("§",_xlpm._in)+1,SUBSTITUTE(MID(_xlpm._in,_xlpm._start,FIND("$",_xlpm._in)-_xlpm._start),"'",""))) -> J | G86: =IF($K86="","",RIGHT($K86,LEN($K86)-FIND("$",SUBSTITUTE($K86,"$","§",1)))) -> 2 | H86: {=CreateID($H$36,$H:$H,$E86<>INDEX($E:$E,ROW()-1))} -> 4 | I86: {=INDIRECT($K86)} -> Damage Scenario Text (depends on answers to questionnaire) | K86: {=CELL("address",OFFSET('Damage Scenarios'!$A$2,0,ROW()-ROW($K$77)))} -> '[QuBA-libre.xlsx]Damage Scenarios'!$J$2
A87: {=IF(INDEX($H:$H,ROW()-1)<>$H87,$E87,"")} | B87: {=IF($K87="","",_xlfn.LET(_xlpm._fullName,IF($L87="",SUBSTITUTE(SUBSTITUTE(INDIRECT($K87),CHAR(10)," ")," "," "),$L87),_xlpm._truncatedName,IF(LEN(_xlpm._fullName)>250,LEFT(_xlpm._fullName,250)&"[…]",_xlpm._fullName),HYPERLINK("#'"&$E87&"'!"&$F87&$G87,_xlpm._truncatedName)))} -> Explicit Damage Criterion | C87: Drop-down menu: Optionally reference a damage criterion that differs from Answer 2. | E87: =IF($K87="","",_xlfn.LET(_xlpm._in,$K87,_xlpm._start,FIND("]",_xlpm._in)+1,SUBSTITUTE(MID(_xlpm._in,_xlpm._start,FIND("!",_xlpm._in)-_xlpm._start),"'",""))) -> Damage Scenarios | F87: =IF($K87="","",_xlfn.LET(_xlpm._in,SUBSTITUTE($K87,"$","§",1),_xlpm._start,FIND("§",_xlpm._in)+1,SUBSTITUTE(MID(_xlpm._in,_xlpm._start,FIND("$",_xlpm._in)-_xlpm._start),"'",""))) -> K | G87: =IF($K87="","",RIGHT($K87,LEN($K87)-FIND("$",SUBSTITUTE($K87,"$","§",1)))) -> 2 | H87: {=CreateID($H$36,$H:$H,$E87<>INDEX($E:$E,ROW()-1))} -> 4 | I87: {=INDIRECT($K87)} -> Explicit Damage Criterion | K87: {=CELL("address",OFFSET('Damage Scenarios'!$A$2,0,ROW()-ROW($K$77)))} -> '[QuBA-libre.xlsx]Damage Scenarios'!$K$2
A88: {=IF(INDEX($H:$H,ROW()-1)<>$H88,$E88,"")} | B88: {=IF($K88="","",_xlfn.LET(_xlpm._fullName,IF($L88="",SUBSTITUTE(SUBSTITUTE(INDIRECT($K88),CHAR(10)," ")," "," "),$L88),_xlpm._truncatedName,IF(LEN(_xlpm._fullName)>250,LEFT(_xlpm._fullName,250)&"[…]",_xlpm._fullName),HYPERLINK("#'"&$E88&"'!"&$F88&$G88,_xlpm._truncatedName)))} -> Active Damage Criterion | C88: Calculated: If the damage scenario is active, then a damage criterion is calculated: If an explicit damage criterion is provided, then this criterion applies. Otherwise, the damage criterion specified in Answer 2 applies. | E88: =IF($K88="","",_xlfn.LET(_xlpm._in,$K88,_xlpm._start,FIND("]",_xlpm._in)+1,SUBSTITUTE(MID(_xlpm._in,_xlpm._start,FIND("!",_xlpm._in)-_xlpm._start),"'",""))) -> Damage Scenarios | F88: =IF($K88="","",_xlfn.LET(_xlpm._in,SUBSTITUTE($K88,"$","§",1),_xlpm._start,FIND("§",_xlpm._in)+1,SUBSTITUTE(MID(_xlpm._in,_xlpm._start,FIND("$",_xlpm._in)-_xlpm._start),"'",""))) -> L | G88: =IF($K88="","",RIGHT($K88,LEN($K88)-FIND("$",SUBSTITUTE($K88,"$","§",1)))) -> 2 | H88: {=CreateID($H$36,$H:$H,$E88<>INDEX($E:$E,ROW()-1))} -> 4 | I88: {=INDIRECT($K88)} -> Active Damage Criterion | K88: {=CELL("address",OFFSET('Damage Scenarios'!$A$2,0,ROW()-ROW($K$77)))} -> '[QuBA-libre.xlsx]Damage Scenarios'!$L$2
... A92: {=IF(INDEX($H:$H,ROW()-1)<>$H92,$E92,"")} | B92: {=IF($K92="","",_xlfn.LET(_xlpm._fullName,IF($L92="",SUBSTITUTE(SUBSTITUTE(INDIRECT($K92),CHAR(10)," ")," "," "),$L92),_xlpm._truncatedName,IF(LEN(_xlpm._fullName)>250,LEFT(_xlpm._fullName,250)&"[…]",_xlpm._fullName),HYPERLINK("#'"&$E92&"'!"&$F92&$G92,_xlpm._truncatedName)))} -> Comment | C92: Provide comments. | E92: =IF($K92="","",_xlfn.LET(_xlpm._in,$K92,_xlpm._start,FIND("]",_xlpm._in)+1,SUBSTITUTE(MID(_xlpm._in,_xlpm._start,FIND("!",_xlpm._in)-_xlpm._start),"'",""))) -> Damage Scenarios | F92: =IF($K92="","",_xlfn.LET(_xlpm._in,SUBSTITUTE($K92,"$","§",1),_xlpm._start,FIND("§",_xlpm._in)+1,SUBSTITUTE(MID(_xlpm._in,_xlpm._start,FIND("$",_xlpm._in)-_xlpm._start),"'",""))) -> P | G92: =IF($K92="","",RIGHT($K92,LEN($K92)-FIND("$",SUBSTITUTE($K92,"$","§",1)))) -> 2 | H92: {=CreateID($H$36,$H:$H,$E92<>INDEX($E:$E,ROW()-1))} -> 4 | I92: {=INDIRECT($K92)} -> Comment | K92: {=CELL("address",OFFSET('Damage Scenarios'!$A$2,0,ROW()-ROW($K$77)))} -> '[QuBA-libre.xlsx]Damage Scenarios'!$P$2
A93: {=IF(INDEX($H:$H,ROW()-1)<>$H93,$E93,"")} -> Attack Steps | B93: {=IF($K93="","",_xlfn.LET(_xlpm._fullName,IF($L93="",SUBSTITUTE(SUBSTITUTE(INDIRECT($K93),CHAR(10)," ")," "," "),$L93),_xlpm._truncatedName,IF(LEN(_xlpm._fullName)>250,LEFT(_xlpm._fullName,250)&"[…]",_xlpm._fullName),HYPERLINK("#'"&$E93&"'!"&$F93&$G93,_xlpm._truncatedName)))} -> ID | C93: A unique ID for the attack step. | E93: =IF($K93="","",_xlfn.LET(_xlpm._in,$K93,_xlpm._start,FIND("]",_xlpm._in)+1,SUBSTITUTE(MID(_xlpm._in,_xlpm._start,FIND("!",_xlpm._in)-_xlpm._start),"'",""))) -> Attack Steps | F93: =IF($K93="","",_xlfn.LET(_xlpm._in,SUBSTITUTE($K93,"$","§",1),_xlpm._start,FIND("§",_xlpm._in)+1,SUBSTITUTE(MID(_xlpm._in,_xlpm._start,FIND("$",_xlpm._in)-_xlpm._start),"'",""))) -> A | G93: =IF($K93="","",RIGHT($K93,LEN($K93)-FIND("$",SUBSTITUTE($K93,"$","§",1)))) -> 2 | H93: {=CreateID($H$36,$H:$H,$E93<>INDEX($E:$E,ROW()-1))} -> 5 | I93: {=INDIRECT($K93)} -> ID | K93: {=CELL("address",OFFSET('Attack Steps'!$A$2,0,ROW()-ROW($K$93)))} -> '[QuBA-libre.xlsx]Attack Steps'!$A$2
A94: {=IF(INDEX($H:$H,ROW()-1)<>$H94,$E94,"")} | B94: {=IF($K94="","",_xlfn.LET(_xlpm._fullName,IF($L94="",SUBSTITUTE(SUBSTITUTE(INDIRECT($K94),CHAR(10)," ")," "," "),$L94),_xlpm._truncatedName,IF(LEN(_xlpm._fullName)>250,LEFT(_xlpm._fullName,250)&"[…]",_xlpm._fullName),HYPERLINK("#'"&$E94&"'!"&$F94&$G94,_xlpm._truncatedName)))} -> Attack Step | C94: Describe the attack step. | E94: =IF($K94="","",_xlfn.LET(_xlpm._in,$K94,_xlpm._start,FIND("]",_xlpm._in)+1,SUBSTITUTE(MID(_xlpm._in,_xlpm._start,FIND("!",_xlpm._in)-_xlpm._start),"'",""))) -> Attack Steps | F94: =IF($K94="","",_xlfn.LET(_xlpm._in,SUBSTITUTE($K94,"$","§",1),_xlpm._start,FIND("§",_xlpm._in)+1,SUBSTITUTE(MID(_xlpm._in,_xlpm._start,FIND("$",_xlpm._in)-_xlpm._start),"'",""))) -> B | G94: =IF($K94="","",RIGHT($K94,LEN($K94)-FIND("$",SUBSTITUTE($K94,"$","§",1)))) -> 2 | H94: {=CreateID($H$36,$H:$H,$E94<>INDEX($E:$E,ROW()-1))} -> 5 | I94: {=INDIRECT($K94)} -> Attack Step | K94: {=CELL("address",OFFSET('Attack Steps'!$A$2,0,ROW()-ROW($K$93)))} -> '[QuBA-libre.xlsx]Attack Steps'!$B$2
A95: {=IF(INDEX($H:$H,ROW()-1)<>$H95,$E95,"")} | B95: {=IF($K95="","",_xlfn.LET(_xlpm._fullName,IF($L95="",SUBSTITUTE(SUBSTITUTE(INDIRECT($K95),CHAR(10)," ")," "," "),$L95),_xlpm._truncatedName,IF(LEN(_xlpm._fullName)>250,LEFT(_xlpm._fullName,250)&"[…]",_xlpm._fullName),HYPERLINK("#'"&$E95&"'!"&$F95&$G95,_xlpm._truncatedName)))} -> Prep IDs | C95: CSV: Define other attack steps as prerequisites for this attack step. For each active attack step in the prerequisites, an attack path will be created in later steps. Attack steps can become active based on answers in the Questionnaire sheet or if any of their prerequisites are active. | E95: =IF($K95="","",_xlfn.LET(_xlpm._in,$K95,_xlpm._start,FIND("]",_xlpm._in)+1,SUBSTITUTE(MID(_xlpm._in,_xlpm._start,FIND("!",_xlpm._in)-_xlpm._start),"'",""))) -> Attack Steps | F95: =IF($K95="","",_xlfn.LET(_xlpm._in,SUBSTITUTE($K95,"$","§",1),_xlpm._start,FIND("§",_xlpm._in)+1,SUBSTITUTE(MID(_xlpm._in,_xlpm._start,FIND("$",_xlpm._in)-_xlpm._start),"'",""))) -> C | G95: =IF($K95="","",RIGHT($K95,LEN($K95)-FIND("$",SUBSTITUTE($K95,"$","§",1)))) -> 2 | H95: {=CreateID($H$36,$H:$H,$E95<>INDEX($E:$E,ROW()-1))} -> 5 | I95: {=INDIRECT($K95)} -> Prep IDs | K95: {=CELL("address",OFFSET('Attack Steps'!$A$2,0,ROW()-ROW($K$93)))} -> '[QuBA-libre.xlsx]Attack Steps'!$C$2
A96: {=IF(INDEX($H:$H,ROW()-1)<>$H96,$E96,"")} | B96: {=IF($K96="","",_xlfn.LET(_xlpm._fullName,IF($L96="",SUBSTITUTE(SUBSTITUTE(INDIRECT($K96),CHAR(10)," ")," "," "),$L96),_xlpm._truncatedName,IF(LEN(_xlpm._fullName)>250,LEFT(_xlpm._fullName,250)&"[…]",_xlpm._fullName),HYPERLINK("#'"&$E96&"'!"&$F96&$G96,_xlpm._truncatedName)))} -> Prerequisite Attack Steps | C96: Calculated: Lists the attack steps for the referenced attack step IDs. | E96: =IF($K96="","",_xlfn.LET(_xlpm._in,$K96,_xlpm._start,FIND("]",_xlpm._in)+1,SUBSTITUTE(MID(_xlpm._in,_xlpm._start,FIND("!",_xlpm._in)-_xlpm._start),"'",""))) -> Attack Steps | F96: =IF($K96="","",_xlfn.LET(_xlpm._in,SUBSTITUTE($K96,"$","§",1),_xlpm._start,FIND("§",_xlpm._in)+1,SUBSTITUTE(MID(_xlpm._in,_xlpm._start,FIND("$",_xlpm._in)-_xlpm._start),"'",""))) -> D | G96: =IF($K96="","",RIGHT($K96,LEN($K96)-FIND("$",SUBSTITUTE($K96,"$","§",1)))) -> 2 | H96: {=CreateID($H$36,$H:$H,$E96<>INDEX($E:$E,ROW()-1))} -> 5 | I96: {=INDIRECT($K96)} -> Prerequisite Attack Steps | K96: {=CELL("address",OFFSET('Attack Steps'!$A$2,0,ROW()-ROW($K$93)))} -> '[QuBA-libre.xlsx]Attack Steps'!$D$2
A97: {=IF(INDEX($H:$H,ROW()-1)<>$H97,$E97,"")} | B97: {=IF($K97="","",_xlfn.LET(_xlpm._fullName,IF($L97="",SUBSTITUTE(SUBSTITUTE(INDIRECT($K97),CHAR(10)," ")," "," "),$L97),_xlpm._truncatedName,IF(LEN(_xlpm._fullName)>250,LEFT(_xlpm._fullName,250)&"[…]",_xlpm._fullName),HYPERLINK("#'"&$E97&"'!"&$F97&$G97,_xlpm._truncatedName)))} -> Q IDs | C97: CSV: Reference the IDs of questions whose answers imply damage scenarios caused by the attack step (cf. the DS Definition sheet). | D97: Example: The attack steps causes the damage scenarios related to question Qx. The actual damage scenario depends on the specific answers provided to Qx and might be "no damage scenario". | E97: =IF($K97="","",_xlfn.LET(_xlpm._in,$K97,_xlpm._start,FIND("]",_xlpm._in)+1,SUBSTITUTE(MID(_xlpm._in,_xlpm._start,FIND("!",_xlpm._in)-_xlpm._start),"'",""))) -> Attack Steps | F97: =IF($K97="","",_xlfn.LET(_xlpm._in,SUBSTITUTE($K97,"$","§",1),_xlpm._start,FIND("§",_xlpm._in)+1,SUBSTITUTE(MID(_xlpm._in,_xlpm._start,FIND("$",_xlpm._in)-_xlpm._start),"'",""))) -> E | G97: =IF($K97="","",RIGHT($K97,LEN($K97)-FIND("$",SUBSTITUTE($K97,"$","§",1)))) -> 2 | H97: {=CreateID($H$36,$H:$H,$E97<>INDEX($E:$E,ROW()-1))} -> 5 | I97: {=INDIRECT($K97)} -> Q IDs | K97: {=CELL("address",OFFSET('Attack Steps'!$A$2,0,ROW()-ROW($K$93)))} -> '[QuBA-libre.xlsx]Attack Steps'!$E$2
A98: {=IF(INDEX($H:$H,ROW()-1)<>$H98,$E98,"")} | B98: {=IF($K98="","",_xlfn.LET(_xlpm._fullName,IF($L98="",SUBSTITUTE(SUBSTITUTE(INDIRECT($K98),CHAR(10)," ")," "," "),$L98),_xlpm._truncatedName,IF(LEN(_xlpm._fullName)>250,LEFT(_xlpm._fullName,250)&"[…]",_xlpm._fullName),HYPERLINK("#'"&$E98&"'!"&$F98&$G98,_xlpm._truncatedName)))} -> Related Question (for damage scenarios) | C98: Calculated: Lists the questions for the referenced question IDs. | E98: =IF($K98="","",_xlfn.LET(_xlpm._in,$K98,_xlpm._start,FIND("]",_xlpm._in)+1,SUBSTITUTE(MID(_xlpm._in,_xlpm._start,FIND("!",_xlpm._in)-_xlpm._start),"'",""))) -> Attack Steps | F98: =IF($K98="","",_xlfn.LET(_xlpm._in,SUBSTITUTE($K98,"$","§",1),_xlpm._start,FIND("§",_xlpm._in)+1,SUBSTITUTE(MID(_xlpm._in,_xlpm._start,FIND("$",_xlpm._in)-_xlpm._start),"'",""))) -> F | G98: =IF($K98="","",RIGHT($K98,LEN($K98)-FIND("$",SUBSTITUTE($K98,"$","§",1)))) -> 2 | H98: {=CreateID($H$36,$H:$H,$E98<>INDEX($E:$E,ROW()-1))} -> 5 | I98: {=INDIRECT($K98)} -> Related Question (for damage scenarios) | K98: {=CELL("address",OFFSET('Attack Steps'!$A$2,0,ROW()-ROW($K$93)))} -> '[QuBA-libre.xlsx]Attack Steps'!$F$2
A99: {=IF(INDEX($H:$H,ROW()-1)<>$H99,$E99,"")} | B99: {=IF($K99="","",_xlfn.LET(_xlpm._fullName,IF($L99="",SUBSTITUTE(SUBSTITUTE(INDIRECT($K99),CHAR(10)," ")," "," "),$L99),_xlpm._truncatedName,IF(LEN(_xlpm._fullName)>250,LEFT(_xlpm._fullName,250)&"[…]",_xlpm._fullName),HYPERLINK("#'"&$E99&"'!"&$F99&$G99,_xlpm._truncatedName)))} -> Active Damage Scenarios | C99: Calculated: Lists the damage scenarios for the referenced question IDs, based on the answers in the Questionnaire sheet. | E99: =IF($K99="","",_xlfn.LET(_xlpm._in,$K99,_xlpm._start,FIND("]",_xlpm._in)+1,SUBSTITUTE(MID(_xlpm._in,_xlpm._start,FIND("!",_xlpm._in)-_xlpm._start),"'",""))) -> Attack Steps | F99: =IF($K99="","",_xlfn.LET(_xlpm._in,SUBSTITUTE($K99,"$","§",1),_xlpm._start,FIND("§",_xlpm._in)+1,SUBSTITUTE(MID(_xlpm._in,_xlpm._start,FIND("$",_xlpm._in)-_xlpm._start),"'",""))) -> G | G99: =IF($K99="","",RIGHT($K99,LEN($K99)-FIND("$",SUBSTITUTE($K99,"$","§",1)))) -> 2 | H99: {=CreateID($H$36,$H:$H,$E99<>INDEX($E:$E,ROW()-1))} -> 5 | I99: {=INDIRECT($K99)} -> Active Damage Scenarios | K99: {=CELL("address",OFFSET('Attack Steps'!$A$2,0,ROW()-ROW($K$93)))} -> '[QuBA-libre.xlsx]Attack Steps'!$G$2
A100: {=IF(INDEX($H:$H,ROW()-1)<>$H100,$E100,"")} | B100: {=IF($K100="","",_xlfn.LET(_xlpm._fullName,IF($L100="",SUBSTITUTE(SUBSTITUTE(INDIRECT($K100),CHAR(10)," ")," "," "),$L100),_xlpm._truncatedName,IF(LEN(_xlpm._fullName)>250,LEFT(_xlpm._fullName,250)&"[…]",_xlpm._fullName),HYPERLINK("#'"&$E100&"'!"&$F100&$G100,_xlpm._truncatedName)))} -> Elapsed Time | C100: Estimate the factor Elapsed Time for this attack step. | E100: =IF($K100="","",_xlfn.LET(_xlpm._in,$K100,_xlpm._start,FIND("]",_xlpm._in)+1,SUBSTITUTE(MID(_xlpm._in,_xlpm._start,FIND("!",_xlpm._in)-_xlpm._start),"'",""))) -> Attack Steps | F100: =IF($K100="","",_xlfn.LET(_xlpm._in,SUBSTITUTE($K100,"$","§",1),_xlpm._start,FIND("§",_xlpm._in)+1,SUBSTITUTE(MID(_xlpm._in,_xlpm._start,FIND("$",_xlpm._in)-_xlpm._start),"'",""))) -> H | G100: =IF($K100="","",RIGHT($K100,LEN($K100)-FIND("$",SUBSTITUTE($K100,"$","§",1)))) -> 2 | H100: {=CreateID($H$36,$H:$H,$E100<>INDEX($E:$E,ROW()-1))} -> 5 | I100: {=INDIRECT($K100)} -> Elapsed Time | K100: {=CELL("address",OFFSET('Attack Steps'!$A$2,0,ROW()-ROW($K$93)))} -> '[QuBA-libre.xlsx]Attack Steps'!$H$2
A101: {=IF(INDEX($H:$H,ROW()-1)<>$H101,$E101,"")} | B101: {=IF($K101="","",_xlfn.LET(_xlpm._fullName,IF($L101="",SUBSTITUTE(SUBSTITUTE(INDIRECT($K101),CHAR(10)," ")," "," "),$L101),_xlpm._truncatedName,IF(LEN(_xlpm._fullName)>250,LEFT(_xlpm._fullName,250)&"[…]",_xlpm._fullName),HYPERLINK("#'"&$E101&"'!"&$F101&$G101,_xlpm._truncatedName)))} -> Expertise | C101: Estimate the factor Expertise for this attack step. | E101: =IF($K101="","",_xlfn.LET(_xlpm._in,$K101,_xlpm._start,FIND("]",_xlpm._in)+1,SUBSTITUTE(MID(_xlpm._in,_xlpm._start,FIND("!",_xlpm._in)-_xlpm._start),"'",""))) -> Attack Steps | F101: =IF($K101="","",_xlfn.LET(_xlpm._in,SUBSTITUTE($K101,"$","§",1),_xlpm._start,FIND("§",_xlpm._in)+1,SUBSTITUTE(MID(_xlpm._in,_xlpm._start,FIND("$",_xlpm._in)-_xlpm._start),"'",""))) -> I | G101: =IF($K101="","",RIGHT($K101,LEN($K101)-FIND("$",SUBSTITUTE($K101,"$","§",1)))) -> 2 | H101: {=CreateID($H$36,$H:$H,$E101<>INDEX($E:$E,ROW()-1))} -> 5 | I101: {=INDIRECT($K101)} -> Expertise | K101: {=CELL("address",OFFSET('Attack Steps'!$A$2,0,ROW()-ROW($K$93)))} -> '[QuBA-libre.xlsx]Attack Steps'!$I$2
A102: {=IF(INDEX($H:$H,ROW()-1)<>$H102,$E102,"")} | B102: {=IF($K102="","",_xlfn.LET(_xlpm._fullName,IF($L102="",SUBSTITUTE(SUBSTITUTE(INDIRECT($K102),CHAR(10)," ")," "," "),$L102),_xlpm._truncatedName,IF(LEN(_xlpm._fullName)>250,LEFT(_xlpm._fullName,250)&"[…]",_xlpm._fullName),HYPERLINK("#'"&$E102&"'!"&$F102&$G102,_xlpm._truncatedName)))} -> Knowledge of TOE | C102: Estimate the factor Knowledge of TOE for this attack step. | E102: =IF($K102="","",_xlfn.LET(_xlpm._in,$K102,_xlpm._start,FIND("]",_xlpm._in)+1,SUBSTITUTE(MID(_xlpm._in,_xlpm._start,FIND("!",_xlpm._in)-_xlpm._start),"'",""))) -> Attack Steps | F102: =IF($K102="","",_xlfn.LET(_xlpm._in,SUBSTITUTE($K102,"$","§",1),_xlpm._start,FIND("§",_xlpm._in)+1,SUBSTITUTE(MID(_xlpm._in,_xlpm._start,FIND("$",_xlpm._in)-_xlpm._start),"'",""))) -> J | G102: =IF($K102="","",RIGHT($K102,LEN($K102)-FIND("$",SUBSTITUTE($K102,"$","§",1)))) -> 2 | H102: {=CreateID($H$36,$H:$H,$E102<>INDEX($E:$E,ROW()-1))} -> 5 | I102: {=INDIRECT($K102)} -> Knowledge of TOE | K102: {=CELL("address",OFFSET('Attack Steps'!$A$2,0,ROW()-ROW($K$93)))} -> '[QuBA-libre.xlsx]Attack Steps'!$J$2
A103: {=IF(INDEX($H:$H,ROW()-1)<>$H103,$E103,"")} | B103: {=IF($K103="","",_xlfn.LET(_xlpm._fullName,IF($L103="",SUBSTITUTE(SUBSTITUTE(INDIRECT($K103),CHAR(10)," ")," "," "),$L103),_xlpm._truncatedName,IF(LEN(_xlpm._fullName)>250,LEFT(_xlpm._fullName,250)&"[…]",_xlpm._fullName),HYPERLINK("#'"&$E103&"'!"&$F103&$G103,_xlpm._truncatedName)))} -> Window of Opportunity | C103: Estimate the factor Window of Opportunity for this attack step. | E103: =IF($K103="","",_xlfn.LET(_xlpm._in,$K103,_xlpm._start,FIND("]",_xlpm._in)+1,SUBSTITUTE(MID(_xlpm._in,_xlpm._start,FIND("!",_xlpm._in)-_xlpm._start),"'",""))) -> Attack Steps | F103: =IF($K103="","",_xlfn.LET(_xlpm._in,SUBSTITUTE($K103,"$","§",1),_xlpm._start,FIND("§",_xlpm._in)+1,SUBSTITUTE(MID(_xlpm._in,_xlpm._start,FIND("$",_xlpm._in)-_xlpm._start),"'",""))) -> K | G103: =IF($K103="","",RIGHT($K103,LEN($K103)-FIND("$",SUBSTITUTE($K103,"$","§",1)))) -> 2 | H103: {=CreateID($H$36,$H:$H,$E103<>INDEX($E:$E,ROW()-1))} -> 5 | I103: {=INDIRECT($K103)} -> Window of Opportunity | K103: {=CELL("address",OFFSET('Attack Steps'!$A$2,0,ROW()-ROW($K$93)))} -> '[QuBA-libre.xlsx]Attack Steps'!$K$2
A104: {=IF(INDEX($H:$H,ROW()-1)<>$H104,$E104,"")} | B104: {=IF($K104="","",_xlfn.LET(_xlpm._fullName,IF($L104="",SUBSTITUTE(SUBSTITUTE(INDIRECT($K104),CHAR(10)," ")," "," "),$L104),_xlpm._truncatedName,IF(LEN(_xlpm._fullName)>250,LEFT(_xlpm._fullName,250)&"[…]",_xlpm._fullName),HYPERLINK("#'"&$E104&"'!"&$F104&$G104,_xlpm._truncatedName)))} -> Equipment | C104: Estimate the factor Equipment for this attack step. | E104: =IF($K104="","",_xlfn.LET(_xlpm._in,$K104,_xlpm._start,FIND("]",_xlpm._in)+1,SUBSTITUTE(MID(_xlpm._in,_xlpm._start,FIND("!",_xlpm._in)-_xlpm._start),"'",""))) -> Attack Steps | F104: =IF($K104="","",_xlfn.LET(_xlpm._in,SUBSTITUTE($K104,"$","§",1),_xlpm._start,FIND("§",_xlpm._in)+1,SUBSTITUTE(MID(_xlpm._in,_xlpm._start,FIND("$",_xlpm._in)-_xlpm._start),"'",""))) -> L | G104: =IF($K104="","",RIGHT($K104,LEN($K104)-FIND("$",SUBSTITUTE($K104,"$","§",1)))) -> 2 | H104: {=CreateID($H$36,$H:$H,$E104<>INDEX($E:$E,ROW()-1))} -> 5 | I104: {=INDIRECT($K104)} -> Equipment | K104: {=CELL("address",OFFSET('Attack Steps'!$A$2,0,ROW()-ROW($K$93)))} -> '[QuBA-libre.xlsx]Attack Steps'!$L$2
A105: {=IF(INDEX($H:$H,ROW()-1)<>$H105,$E105,"")} | B105: {=IF($K105="","",_xlfn.LET(_xlpm._fullName,IF($L105="",SUBSTITUTE(SUBSTITUTE(INDIRECT($K105),CHAR(10)," ")," "," "),$L105),_xlpm._truncatedName,IF(LEN(_xlpm._fullName)>250,LEFT(_xlpm._fullName,250)&"[…]",_xlpm._fullName),HYPERLINK("#'"&$E105&"'!"&$F105&$G105,_xlpm._truncatedName)))} -> RAP | C105: Calculated: The resulting required attack potential. | E105: =IF($K105="","",_xlfn.LET(_xlpm._in,$K105,_xlpm._start,FIND("]",_xlpm._in)+1,SUBSTITUTE(MID(_xlpm._in,_xlpm._start,FIND("!",_xlpm._in)-_xlpm._start),"'",""))) -> Attack Steps | F105: =IF($K105="","",_xlfn.LET(_xlpm._in,SUBSTITUTE($K105,"$","§",1),_xlpm._start,FIND("§",_xlpm._in)+1,SUBSTITUTE(MID(_xlpm._in,_xlpm._start,FIND("$",_xlpm._in)-_xlpm._start),"'",""))) -> M | G105: =IF($K105="","",RIGHT($K105,LEN($K105)-FIND("$",SUBSTITUTE($K105,"$","§",1)))) -> 2 | H105: {=CreateID($H$36,$H:$H,$E105<>INDEX($E:$E,ROW()-1))} -> 5 | I105: {=INDIRECT($K105)} -> RAP | K105: {=CELL("address",OFFSET('Attack Steps'!$A$2,0,ROW()-ROW($K$93)))} -> '[QuBA-libre.xlsx]Attack Steps'!$M$2
A106: {=IF(INDEX($H:$H,ROW()-1)<>$H106,$E106,"")} | B106: {=IF($K106="","",_xlfn.LET(_xlpm._fullName,IF($L106="",SUBSTITUTE(SUBSTITUTE(INDIRECT($K106),CHAR(10)," ")," "," "),$L106),_xlpm._truncatedName,IF(LEN(_xlpm._fullName)>250,LEFT(_xlpm._fullName,250)&"[…]",_xlpm._fullName),HYPERLINK("#'"&$E106&"'!"&$F106&$G106,_xlpm._truncatedName)))} -> Required answers for this attack step | C106: CSV: Reference answers in the Questionnaire sheet that are required for making this attack step active. If no answers are referenced, then prerequisite attack steps should be considered. | D106: Syntax: <Q ID>[<Answer 1>|<Answer 2>] Examples: QA4[Yes|Yes], QA14[Yes], QI2[Yes|*], where * serves as a wildcard accepting any answer. | E106: =IF($K106="","",_xlfn.LET(_xlpm._in,$K106,_xlpm._start,FIND("]",_xlpm._in)+1,SUBSTITUTE(MID(_xlpm._in,_xlpm._start,FIND("!",_xlpm._in)-_xlpm._start),"'",""))) -> Attack Steps | F106: =IF($K106="","",_xlfn.LET(_xlpm._in,SUBSTITUTE($K106,"$","§",1),_xlpm._start,FIND("§",_xlpm._in)+1,SUBSTITUTE(MID(_xlpm._in,_xlpm._start,FIND("$",_xlpm._in)-_xlpm._start),"'",""))) -> N | G106: =IF($K106="","",RIGHT($K106,LEN($K106)-FIND("$",SUBSTITUTE($K106,"$","§",1)))) -> 2 | H106: {=CreateID($H$36,$H:$H,$E106<>INDEX($E:$E,ROW()-1))} -> 5 | I106: {=INDIRECT($K106)} -> Required answers for this attack step | K106: {=CELL("address",OFFSET('Attack Steps'!$A$2,0,ROW()-ROW($K$93)))} -> '[QuBA-libre.xlsx]Attack Steps'!$N$2
A107: {=IF(INDEX($H:$H,ROW()-1)<>$H107,$E107,"")} | B107: {=IF($K107="","",_xlfn.LET(_xlpm._fullName,IF($L107="",SUBSTITUTE(SUBSTITUTE(INDIRECT($K107),CHAR(10)," ")," "," "),$L107),_xlpm._truncatedName,IF(LEN(_xlpm._fullName)>250,LEFT(_xlpm._fullName,250)&"[…]",_xlpm._fullName),HYPERLINK("#'"&$E107&"'!"&$F107&$G107,_xlpm._truncatedName)))} -> Mapping to CRA, Annex I (1.2) | C107: Provide the letters of entries from the CRA, Annex I (1.2) related to this attack step. | E107: =IF($K107="","",_xlfn.LET(_xlpm._in,$K107,_xlpm._start,FIND("]",_xlpm._in)+1,SUBSTITUTE(MID(_xlpm._in,_xlpm._start,FIND("!",_xlpm._in)-_xlpm._start),"'",""))) -> Attack Steps | F107: =IF($K107="","",_xlfn.LET(_xlpm._in,SUBSTITUTE($K107,"$","§",1),_xlpm._start,FIND("§",_xlpm._in)+1,SUBSTITUTE(MID(_xlpm._in,_xlpm._start,FIND("$",_xlpm._in)-_xlpm._start),"'",""))) -> O | G107: =IF($K107="","",RIGHT($K107,LEN($K107)-FIND("$",SUBSTITUTE($K107,"$","§",1)))) -> 2 | H107: {=CreateID($H$36,$H:$H,$E107<>INDEX($E:$E,ROW()-1))} -> 5 | I107: {=INDIRECT($K107)} -> Mapping to CRA, Annex I (1.2) | K107: {=CELL("address",OFFSET('Attack Steps'!$A$2,0,ROW()-ROW($K$93)))} -> '[QuBA-libre.xlsx]Attack Steps'!$O$2
...

Sheet Version History
A1: {=_xlfn.LAMBDA(_xlpm._thisSheet,_xlpm._columnName,_xlpm._readmeSheetsRange,_xlpm._columnSearchHeader,_xlpm._columnNameHeader,_xlfn.LET(_xlpm._rowColumnNameHeader,ROW(_xlpm._columnNameHeader),_xlpm._startOfSheetExplanations,MATCH(_xlpm._thisSheet,_xlpm._readmeSheetsRange,0),_xlpm._numberOfEntriesForSheet,COUNTIF(_xlpm._readmeSheetsRange,_xlpm._thisSheet),_xlpm._searchRange,OFFSET(_xlpm._columnSearchHeader,_xlpm._startOfSheetExplanations-_xlpm._rowColumnNameHeader,0,_xlpm._numberOfEntriesForSheet,1),_xlpm._entryOffset,MATCH(_xlpm._columnName,_xlpm._searchRange,0)-1+_xlpm._startOfSheetExplanations,HYPERLINK("#'"&Helper!$G$2&"'!"&CHAR(CODE("A")+COLUMN(_xlpm._columnNameHeader)-1)&_xlpm._entryOffset,Definitions!$AY$4)))(Helper!$G$20,$B1,README!$E:$E,README!$I$36,README!$B$36)} -> ◈ | B1: Template Version History
B2: Date | C2: Version | D2: Changes | E2: Author | F2: Is last
B3: 45870 | C3: 1.0.0 | D3: Initial version | E3: qubalibre@SICK.de riskassessments@aisec.fraunhofer.de | F3: {=_xlfn.LAMBDA(_xlpm._dateCell,AND(_xlpm._dateCell<>"",OFFSET(_xlpm._dateCell,1,0)=""))($B3)} -> TRUE
A5: {=_xlfn.LAMBDA(_xlpm._thisSheet,_xlpm._columnName,_xlpm._readmeSheetsRange,_xlpm._columnSearchHeader,_xlpm._columnNameHeader,_xlfn.LET(_xlpm._rowColumnNameHeader,ROW(_xlpm._columnNameHeader),_xlpm._startOfSheetExplanations,MATCH(_xlpm._thisSheet,_xlpm._readmeSheetsRange,0),_xlpm._numberOfEntriesForSheet,COUNTIF(_xlpm._readmeSheetsRange,_xlpm._thisSheet),_xlpm._searchRange,OFFSET(_xlpm._columnSearchHeader,_xlpm._startOfSheetExplanations-_xlpm._rowColumnNameHeader,0,_xlpm._numberOfEntriesForSheet,1),_xlpm._entryOffset,MATCH(_xlpm._columnName,_xlpm._searchRange,0)-1+_xlpm._startOfSheetExplanations,HYPERLINK("#'"&Helper!$G$2&"'!"&CHAR(CODE("A")+COLUMN(_xlpm._columnNameHeader)-1)&_xlpm._entryOffset,Definitions!$AY$4)))(Helper!$G$20,$B5,README!$E:$E,README!$I$36,README!$B$36)} -> ◈ | B5: Definitions and Damage Scenarios Version History
B6: Date | D6: Changes | F6: Is last
B7: 45870 | D7: Initial catalog | F7: {=_xlfn.LAMBDA(_xlpm._dateCell,AND(_xlpm._dateCell<>"",OFFSET(_xlpm._dateCell,1,0)=""))($B7)} -> TRUE
A9: {=_xlfn.LAMBDA(_xlpm._thisSheet,_xlpm._columnName,_xlpm._readmeSheetsRange,_xlpm._columnSearchHeader,_xlpm._columnNameHeader,_xlfn.LET(_xlpm._rowColumnNameHeader,ROW(_xlpm._columnNameHeader),_xlpm._startOfSheetExplanations,MATCH(_xlpm._thisSheet,_xlpm._readmeSheetsRange,0),_xlpm._numberOfEntriesForSheet,COUNTIF(_xlpm._readmeSheetsRange,_xlpm._thisSheet),_xlpm._searchRange,OFFSET(_xlpm._columnSearchHeader,_xlpm._startOfSheetExplanations-_xlpm._rowColumnNameHeader,0,_xlpm._numberOfEntriesForSheet,1),_xlpm._entryOffset,MATCH(_xlpm._columnName,_xlpm._searchRange,0)-1+_xlpm._startOfSheetExplanations,HYPERLINK("#'"&Helper!$G$2&"'!"&CHAR(CODE("A")+COLUMN(_xlpm._columnNameHeader)-1)&_xlpm._entryOffset,Definitions!$AY$4)))(Helper!$G$20,$B9,README!$E:$E,README!$I$36,README!$B$36)} -> ◈ | B9: Attack Steps Version History
B10: Date | D10: Changes | F10: Is last
B11: 45870 | D11: Initial catalog | F11: {=_xlfn.LAMBDA(_xlpm._dateCell,AND(_xlpm._dateCell<>"",OFFSET(_xlpm._dateCell,1,0)=""))($B11)} -> TRUE
A13: {=_xlfn.LAMBDA(_xlpm._thisSheet,_xlpm._columnName,_xlpm._readmeSheetsRange,_xlpm._columnSearchHeader,_xlpm._columnNameHeader,_xlfn.LET(_xlpm._rowColumnNameHeader,ROW(_xlpm._columnNameHeader),_xlpm._startOfSheetExplanations,MATCH(_xlpm._thisSheet,_xlpm._readmeSheetsRange,0),_xlpm._numberOfEntriesForSheet,COUNTIF(_xlpm._readmeSheetsRange,_xlpm._thisSheet),_xlpm._searchRange,OFFSET(_xlpm._columnSearchHeader,_xlpm._startOfSheetExplanations-_xlpm._rowColumnNameHeader,0,_xlpm._numberOfEntriesForSheet,1),_xlpm._entryOffset,MATCH(_xlpm._columnName,_xlpm._searchRange,0)-1+_xlpm._startOfSheetExplanations,HYPERLINK("#'"&Helper!$G$2&"'!"&CHAR(CODE("A")+COLUMN(_xlpm._columnNameHeader)-1)&_xlpm._entryOffset,Definitions!$AY$4)))(Helper!$G$20,$B13,README!$E:$E,README!$I$36,README!$B$36)} -> ◈ | B13: Assumptions Version History
B14: Date | D14: Changes | F14: Is last
B15: 45870 | D15: Initial catalog | F15: {=_xlfn.LAMBDA(_xlpm._dateCell,AND(_xlpm._dateCell<>"",OFFSET(_xlpm._dateCell,1,0)=""))($B15)} -> TRUE
A17: {=_xlfn.LAMBDA(_xlpm._thisSheet,_xlpm._columnName,_xlpm._readmeSheetsRange,_xlpm._columnSearchHeader,_xlpm._columnNameHeader,_xlfn.LET(_xlpm._rowColumnNameHeader,ROW(_xlpm._columnNameHeader),_xlpm._startOfSheetExplanations,MATCH(_xlpm._thisSheet,_xlpm._readmeSheetsRange,0),_xlpm._numberOfEntriesForSheet,COUNTIF(_xlpm._readmeSheetsRange,_xlpm._thisSheet),_xlpm._searchRange,OFFSET(_xlpm._columnSearchHeader,_xlpm._startOfSheetExplanations-_xlpm._rowColumnNameHeader,0,_xlpm._numberOfEntriesForSheet,1),_xlpm._entryOffset,MATCH(_xlpm._columnName,_xlpm._searchRange,0)-1+_xlpm._startOfSheetExplanations,HYPERLINK("#'"&Helper!$G$2&"'!"&CHAR(CODE("A")+COLUMN(_xlpm._columnNameHeader)-1)&_xlpm._entryOffset,Definitions!$AY$4)))(Helper!$G$20,$B17,README!$E:$E,README!$I$36,README!$B$36)} -> ◈ | B17: Countermeasures Version History
B18: Date | D18: Changes | F18: Is last
B19: 45870 | D19: Initial catalog | F19: {=_xlfn.LAMBDA(_xlpm._dateCell,AND(_xlpm._dateCell<>"",OFFSET(_xlpm._dateCell,1,0)=""))($B19)} -> TRUE

Sheet Definitions
A1: {=_xlfn.LAMBDA(_xlpm._thisSheet,_xlpm._columnName,_xlpm._readmeSheetsRange,_xlpm._columnSearchHeader,_xlpm._columnNameHeader,_xlfn.LET(_xlpm._rowColumnNameHeader,ROW(_xlpm._columnNameHeader),_xlpm._startOfSheetExplanations,MATCH(_xlpm._thisSheet,_xlpm._readmeSheetsRange,0),_xlpm._numberOfEntriesForSheet,COUNTIF(_xlpm._readmeSheetsRange,_xlpm._thisSheet),_xlpm._searchRange,OFFSET(_xlpm._columnSearchHeader,_xlpm._startOfSheetExplanations-_xlpm._rowColumnNameHeader,0,_xlpm._numberOfEntriesForSheet,1),_xlpm._entryOffset,MATCH(_xlpm._columnName,_xlpm._searchRange,0)-1+_xlpm._startOfSheetExplanations,HYPERLINK("#'"&Helper!$G$2&"'!"&CHAR(CODE("A")+COLUMN(_xlpm._columnNameHeader)-1)&_xlpm._entryOffset,Definitions!$AY$4)))(Helper!$G$3,A$2,README!$E:$E,README!$I$36,README!$B$36)} -> ◈ | C1: {=_xlfn.LAMBDA(_xlpm._thisSheet,_xlpm._columnName,_xlpm._readmeSheetsRange,_xlpm._columnSearchHeader,_xlpm._columnNameHeader,_xlfn.LET(_xlpm._rowColumnNameHeader,ROW(_xlpm._columnNameHeader),_xlpm._startOfSheetExplanations,MATCH(_xlpm._thisSheet,_xlpm._readmeSheetsRange,0),_xlpm._numberOfEntriesForSheet,COUNTIF(_xlpm._readmeSheetsRange,_xlpm._thisSheet),_xlpm._searchRange,OFFSET(_xlpm._columnSearchHeader,_xlpm._startOfSheetExplanations-_xlpm._rowColumnNameHeader,0,_xlpm._numberOfEntriesForSheet,1),_xlpm._entryOffset,MATCH(_xlpm._columnName,_xlpm._searchRange,0)-1+_xlpm._startOfSheetExplanations,HYPERLINK("#'"&Helper!$G$2&"'!"&CHAR(CODE("A")+COLUMN(_xlpm._columnNameHeader)-1)&_xlpm._entryOffset,Definitions!$AY$4)))(Helper!$G$3,C$2,README!$E:$E,README!$I$36,README!$B$36)} -> ◈ | E1: {=_xlfn.LAMBDA(_xlpm._thisSheet,_xlpm._columnName,_xlpm._readmeSheetsRange,_xlpm._columnSearchHeader,_xlpm._columnNameHeader,_xlfn.LET(_xlpm._rowColumnNameHeader,ROW(_xlpm._columnNameHeader),_xlpm._startOfSheetExplanations,MATCH(_xlpm._thisSheet,_xlpm._readmeSheetsRange,0),_xlpm._numberOfEntriesForSheet,COUNTIF(_xlpm._readmeSheetsRange,_xlpm._thisSheet),_xlpm._searchRange,OFFSET(_xlpm._columnSearchHeader,_xlpm._startOfSheetExplanations-_xlpm._rowColumnNameHeader,0,_xlpm._numberOfEntriesForSheet,1),_xlpm._entryOffset,MATCH(_xlpm._columnName,_xlpm._searchRange,0)-1+_xlpm._startOfSheetExplanations,HYPERLINK("#'"&Helper!$G$2&"'!"&CHAR(CODE("A")+COLUMN(_xlpm._columnNameHeader)-1)&_xlpm._entryOffset,Definitions!$AY$4)))(Helper!$G$3,E$2,README!$E:$E,README!$I$36,README!$B$36)} -> ◈ | G1: {=_xlfn.LAMBDA(_xlpm._thisSheet,_xlpm._columnName,_xlpm._readmeSheetsRange,_xlpm._columnSearchHeader,_xlpm._columnNameHeader,_xlfn.LET(_xlpm._rowColumnNameHeader,ROW(_xlpm._columnNameHeader),_xlpm._startOfSheetExplanations,MATCH(_xlpm._thisSheet,_xlpm._readmeSheetsRange,0),_xlpm._numberOfEntriesForSheet,COUNTIF(_xlpm._readmeSheetsRange,_xlpm._thisSheet),_xlpm._searchRange,OFFSET(_xlpm._columnSearchHeader,_xlpm._startOfSheetExplanations-_xlpm._rowColumnNameHeader,0,_xlpm._numberOfEntriesForSheet,1),_xlpm._entryOffset,MATCH(_xlpm._columnName,_xlpm._searchRange,0)-1+_xlpm._startOfSheetExplanations,HYPERLINK("#'"&Helper!$G$2&"'!"&CHAR(CODE("A")+COLUMN(_xlpm._columnNameHeader)-1)&_xlpm._entryOffset,Definitions!$AY$4)))(Helper!$G$3,G$2,README!$E:$E,README!$I$36,README!$B$36)} -> ◈ | M1: {=_xlfn.LAMBDA(_xlpm._thisSheet,_xlpm._columnName,_xlpm._readmeSheetsRange,_xlpm._columnSearchHeader,_xlpm._columnNameHeader,_xlfn.LET(_xlpm._rowColumnNameHeader,ROW(_xlpm._columnNameHeader),_xlpm._startOfSheetExplanations,MATCH(_xlpm._thisSheet,_xlpm._readmeSheetsRange,0),_xlpm._numberOfEntriesForSheet,COUNTIF(_xlpm._readmeSheetsRange,_xlpm._thisSheet),_xlpm._searchRange,OFFSET(_xlpm._columnSearchHeader,_xlpm._startOfSheetExplanations-_xlpm._rowColumnNameHeader,0,_xlpm._numberOfEntriesForSheet,1),_xlpm._entryOffset,MATCH(_xlpm._columnName,_xlpm._searchRange,0)-1+_xlpm._startOfSheetExplanations,HYPERLINK("#'"&Helper!$G$2&"'!"&CHAR(CODE("A")+COLUMN(_xlpm._columnNameHeader)-1)&_xlpm._entryOffset,Definitions!$AY$4)))(Helper!$G$3,M$2,README!$E:$E,README!$I$36,README!$B$36)} -> ◈ | O1: {=_xlfn.LAMBDA(_xlpm._thisSheet,_xlpm._columnName,_xlpm._readmeSheetsRange,_xlpm._columnSearchHeader,_xlpm._columnNameHeader,_xlfn.LET(_xlpm._rowColumnNameHeader,ROW(_xlpm._columnNameHeader),_xlpm._startOfSheetExplanations,MATCH(_xlpm._thisSheet,_xlpm._readmeSheetsRange,0),_xlpm._numberOfEntriesForSheet,COUNTIF(_xlpm._readmeSheetsRange,_xlpm._thisSheet),_xlpm._searchRange,OFFSET(_xlpm._columnSearchHeader,_xlpm._startOfSheetExplanations-_xlpm._rowColumnNameHeader,0,_xlpm._numberOfEntriesForSheet,1),_xlpm._entryOffset,MATCH(_xlpm._columnName,_xlpm._searchRange,0)-1+_xlpm._startOfSheetExplanations,HYPERLINK("#'"&Helper!$G$2&"'!"&CHAR(CODE("A")+COLUMN(_xlpm._columnNameHeader)-1)&_xlpm._entryOffset,Definitions!$AY$4)))(Helper!$G$3,O$2,README!$E:$E,README!$I$36,README!$B$36)} -> ◈ | Q1: {=_xlfn.LAMBDA(_xlpm._thisSheet,_xlpm._columnName,_xlpm._readmeSheetsRange,_xlpm._columnSearchHeader,_xlpm._columnNameHeader,_xlfn.LET(_xlpm._rowColumnNameHeader,ROW(_xlpm._columnNameHeader),_xlpm._startOfSheetExplanations,MATCH(_xlpm._thisSheet,_xlpm._readmeSheetsRange,0),_xlpm._numberOfEntriesForSheet,COUNTIF(_xlpm._readmeSheetsRange,_xlpm._thisSheet),_xlpm._searchRange,OFFSET(_xlpm._columnSearchHeader,_xlpm._startOfSheetExplanations-_xlpm._rowColumnNameHeader,0,_xlpm._numberOfEntriesForSheet,1),_xlpm._entryOffset,MATCH(_xlpm._columnName,_xlpm._searchRange,0)-1+_xlpm._startOfSheetExplanations,HYPERLINK("#'"&Helper!$G$2&"'!"&CHAR(CODE("A")+COLUMN(_xlpm._columnNameHeader)-1)&_xlpm._entryOffset,Definitions!$AY$4)))(Helper!$G$3,Q$2,README!$E:$E,README!$I$36,README!$B$36)} -> ◈ | T1: {=_xlfn.LAMBDA(_xlpm._thisSheet,_xlpm._columnName,_xlpm._readmeSheetsRange,_xlpm._columnSearchHeader,_xlpm._columnNameHeader,_xlfn.LET(_xlpm._rowColumnNameHeader,ROW(_xlpm._columnNameHeader),_xlpm._startOfSheetExplanations,MATCH(_xlpm._thisSheet,_xlpm._readmeSheetsRange,0),_xlpm._numberOfEntriesForSheet,COUNTIF(_xlpm._readmeSheetsRange,_xlpm._thisSheet),_xlpm._searchRange,OFFSET(_xlpm._columnSearchHeader,_xlpm._startOfSheetExplanations-_xlpm._rowColumnNameHeader,0,_xlpm._numberOfEntriesForSheet,1),_xlpm._entryOffset,MATCH(_xlpm._columnName,_xlpm._searchRange,0)-1+_xlpm._startOfSheetExplanations,HYPERLINK("#'"&Helper!$G$2&"'!"&CHAR(CODE("A")+COLUMN(_xlpm._columnNameHeader)-1)&_xlpm._entryOffset,Definitions!$AY$4)))(Helper!$G$3,T$2,README!$E:$E,README!$I$36,README!$B$36)} -> ◈ | V1: {=_xlfn.LAMBDA(_xlpm._thisSheet,_xlpm._columnName,_xlpm._readmeSheetsRange,_xlpm._columnSearchHeader,_xlpm._columnNameHeader,_xlfn.LET(_xlpm._rowColumnNameHeader,ROW(_xlpm._columnNameHeader),_xlpm._startOfSheetExplanations,MATCH(_xlpm._thisSheet,_xlpm._readmeSheetsRange,0),_xlpm._numberOfEntriesForSheet,COUNTIF(_xlpm._readmeSheetsRange,_xlpm._thisSheet),_xlpm._searchRange,OFFSET(_xlpm._columnSearchHeader,_xlpm._startOfSheetExplanations-_xlpm._rowColumnNameHeader,0,_xlpm._numberOfEntriesForSheet,1),_xlpm._entryOffset,MATCH(_xlpm._columnName,_xlpm._searchRange,0)-1+_xlpm._startOfSheetExplanations,HYPERLINK("#'"&Helper!$G$2&"'!"&CHAR(CODE("A")+COLUMN(_xlpm._columnNameHeader)-1)&_xlpm._entryOffset,Definitions!$AY$4)))(Helper!$G$3,V$2,README!$E:$E,README!$I$36,README!$B$36)} -> ◈ | Y1: {=_xlfn.LAMBDA(_xlpm._thisSheet,_xlpm._columnName,_xlpm._readmeSheetsRange,_xlpm._columnSearchHeader,_xlpm._columnNameHeader,_xlfn.LET(_xlpm._rowColumnNameHeader,ROW(_xlpm._columnNameHeader),_xlpm._startOfSheetExplanations,MATCH(_xlpm._thisSheet,_xlpm._readmeSheetsRange,0),_xlpm._numberOfEntriesForSheet,COUNTIF(_xlpm._readmeSheetsRange,_xlpm._thisSheet),_xlpm._searchRange,OFFSET(_xlpm._columnSearchHeader,_xlpm._startOfSheetExplanations-_xlpm._rowColumnNameHeader,0,_xlpm._numberOfEntriesForSheet,1),_xlpm._entryOffset,MATCH(_xlpm._columnName,_xlpm._searchRange,0)-1+_xlpm._startOfSheetExplanations,HYPERLINK("#'"&Helper!$G$2&"'!"&CHAR(CODE("A")+COLUMN(_xlpm._columnNameHeader)-1)&_xlpm._entryOffset,Definitions!$AY$4)))(Helper!$G$3,Y$2,README!$E:$E,README!$I$36,README!$B$36)} -> ◈ | AE1: {=_xlfn.LAMBDA(_xlpm._thisSheet,_xlpm._columnName,_xlpm._readmeSheetsRange,_xlpm._columnSearchHeader,_xlpm._columnNameHeader,_xlfn.LET(_xlpm._rowColumnNameHeader,ROW(_xlpm._columnNameHeader),_xlpm._startOfSheetExplanations,MATCH(_xlpm._thisSheet,_xlpm._readmeSheetsRange,0),_xlpm._numberOfEntriesForSheet,COUNTIF(_xlpm._readmeSheetsRange,_xlpm._thisSheet),_xlpm._searchRange,OFFSET(_xlpm._columnSearchHeader,_xlpm._startOfSheetExplanations-_xlpm._rowColumnNameHeader,0,_xlpm._numberOfEntriesForSheet,1),_xlpm._entryOffset,MATCH(_xlpm._columnName,_xlpm._searchRange,0)-1+_xlpm._startOfSheetExplanations,HYPERLINK("#'"&Helper!$G$2&"'!"&CHAR(CODE("A")+COLUMN(_xlpm._columnNameHeader)-1)&_xlpm._entryOffset,Definitions!$AY$4)))(Helper!$G$3,AE$2,README!$E:$E,README!$I$36,README!$B$36)} -> ◈ | AH1: {=_xlfn.LAMBDA(_xlpm._thisSheet,_xlpm._columnName,_xlpm._readmeSheetsRange,_xlpm._columnSearchHeader,_xlpm._columnNameHeader,_xlfn.LET(_xlpm._rowColumnNameHeader,ROW(_xlpm._columnNameHeader),_xlpm._startOfSheetExplanations,MATCH(_xlpm._thisSheet,_xlpm._readmeSheetsRange,0),_xlpm._numberOfEntriesForSheet,COUNTIF(_xlpm._readmeSheetsRange,_xlpm._thisSheet),_xlpm._searchRange,OFFSET(_xlpm._columnSearchHeader,_xlpm._startOfSheetExplanations-_xlpm._rowColumnNameHeader,0,_xlpm._numberOfEntriesForSheet,1),_xlpm._entryOffset,MATCH(_xlpm._columnName,_xlpm._searchRange,0)-1+_xlpm._startOfSheetExplanations,HYPERLINK("#'"&Helper!$G$2&"'!"&CHAR(CODE("A")+COLUMN(_xlpm._columnNameHeader)-1)&_xlpm._entryOffset,Definitions!$AY$4)))(Helper!$G$3,AH$2,README!$E:$E,README!$I$36,README!$B$36)} -> ◈ | AO1: {=_xlfn.LAMBDA(_xlpm._thisSheet,_xlpm._columnName,_xlpm._readmeSheetsRange,_xlpm._columnSearchHeader,_xlpm._columnNameHeader,_xlfn.LET(_xlpm._rowColumnNameHeader,ROW(_xlpm._columnNameHeader),_xlpm._startOfSheetExplanations,MATCH(_xlpm._thisSheet,_xlpm._readmeSheetsRange,0),_xlpm._numberOfEntriesForSheet,COUNTIF(_xlpm._readmeSheetsRange,_xlpm._thisSheet),_xlpm._searchRange,OFFSET(_xlpm._columnSearchHeader,_xlpm._startOfSheetExplanations-_xlpm._rowColumnNameHeader,0,_xlpm._numberOfEntriesForSheet,1),_xlpm._entryOffset,MATCH(_xlpm._columnName,_xlpm._searchRange,0)-1+_xlpm._startOfSheetExplanations,HYPERLINK("#'"&Helper!$G$2&"'!"&CHAR(CODE("A")+COLUMN(_xlpm._columnNameHeader)-1)&_xlpm._entryOffset,Definitions!$AY$4)))(Helper!$G$3,AO$2,README!$E:$E,README!$I$36,README!$B$36)} -> ◈ | AQ1: {=_xlfn.LAMBDA(_xlpm._thisSheet,_xlpm._columnName,_xlpm._readmeSheetsRange,_xlpm._columnSearchHeader,_xlpm._columnNameHeader,_xlfn.LET(_xlpm._rowColumnNameHeader,ROW(_xlpm._columnNameHeader),_xlpm._startOfSheetExplanations,MATCH(_xlpm._thisSheet,_xlpm._readmeSheetsRange,0),_xlpm._numberOfEntriesForSheet,COUNTIF(_xlpm._readmeSheetsRange,_xlpm._thisSheet),_xlpm._searchRange,OFFSET(_xlpm._columnSearchHeader,_xlpm._startOfSheetExplanations-_xlpm._rowColumnNameHeader,0,_xlpm._numberOfEntriesForSheet,1),_xlpm._entryOffset,MATCH(_xlpm._columnName,_xlpm._searchRange,0)-1+_xlpm._startOfSheetExplanations,HYPERLINK("#'"&Helper!$G$2&"'!"&CHAR(CODE("A")+COLUMN(_xlpm._columnNameHeader)-1)&_xlpm._entryOffset,Definitions!$AY$4)))(Helper!$G$3,AQ$2,README!$E:$E,README!$I$36,README!$B$36)} -> ◈ | AU1: {=_xlfn.LAMBDA(_xlpm._thisSheet,_xlpm._columnName,_xlpm._readmeSheetsRange,_xlpm._columnSearchHeader,_xlpm._columnNameHeader,_xlfn.LET(_xlpm._rowColumnNameHeader,ROW(_xlpm._columnNameHeader),_xlpm._startOfSheetExplanations,MATCH(_xlpm._thisSheet,_xlpm._readmeSheetsRange,0),_xlpm._numberOfEntriesForSheet,COUNTIF(_xlpm._readmeSheetsRange,_xlpm._thisSheet),_xlpm._searchRange,OFFSET(_xlpm._columnSearchHeader,_xlpm._startOfSheetExplanations-_xlpm._rowColumnNameHeader,0,_xlpm._numberOfEntriesForSheet,1),_xlpm._entryOffset,MATCH(_xlpm._columnName,_xlpm._searchRange,0)-1+_xlpm._startOfSheetExplanations,HYPERLINK("#'"&Helper!$G$2&"'!"&CHAR(CODE("A")+COLUMN(_xlpm._columnNameHeader)-1)&_xlpm._entryOffset,Definitions!$AY$4)))(Helper!$G$3,AU$2,README!$E:$E,README!$I$36,README!$B$36)} -> ◈ | AW1: {=_xlfn.LAMBDA(_xlpm._thisSheet,_xlpm._columnName,_xlpm._readmeSheetsRange,_xlpm._columnSearchHeader,_xlpm._columnNameHeader,_xlfn.LET(_xlpm._rowColumnNameHeader,ROW(_xlpm._columnNameHeader),_xlpm._startOfSheetExplanations,MATCH(_xlpm._thisSheet,_xlpm._readmeSheetsRange,0),_xlpm._numberOfEntriesForSheet,COUNTIF(_xlpm._readmeSheetsRange,_xlpm._thisSheet),_xlpm._searchRange,OFFSET(_xlpm._columnSearchHeader,_xlpm._startOfSheetExplanations-_xlpm._rowColumnNameHeader,0,_xlpm._numberOfEntriesForSheet,1),_xlpm._entryOffset,MATCH(_xlpm._columnName,_xlpm._searchRange,0)-1+_xlpm._startOfSheetExplanations,HYPERLINK("#'"&Helper!$G$2&"'!"&CHAR(CODE("A")+COLUMN(_xlpm._columnNameHeader)-1)&_xlpm._entryOffset,Definitions!$AY$4)))(Helper!$G$3,AW$2,README!$E:$E,README!$I$36,README!$B$36)} -> ◈ | AY1: {=_xlfn.LAMBDA(_xlpm._thisSheet,_xlpm._columnName,_xlpm._readmeSheetsRange,_xlpm._columnSearchHeader,_xlpm._columnNameHeader,_xlfn.LET(_xlpm._rowColumnNameHeader,ROW(_xlpm._columnNameHeader),_xlpm._startOfSheetExplanations,MATCH(_xlpm._thisSheet,_xlpm._readmeSheetsRange,0),_xlpm._numberOfEntriesForSheet,COUNTIF(_xlpm._readmeSheetsRange,_xlpm._thisSheet),_xlpm._searchRange,OFFSET(_xlpm._columnSearchHeader,_xlpm._startOfSheetExplanations-_xlpm._rowColumnNameHeader,0,_xlpm._numberOfEntriesForSheet,1),_xlpm._entryOffset,MATCH(_xlpm._columnName,_xlpm._searchRange,0)-1+_xlpm._startOfSheetExplanations,HYPERLINK("#'"&Helper!$G$2&"'!"&CHAR(CODE("A")+COLUMN(_xlpm._columnNameHeader)-1)&_xlpm._entryOffset,Definitions!$AY$4)))(Helper!$G$3,AY$2,README!$E:$E,README!$I$36,README!$B$36)} -> ◈ | BA1: {=_xlfn.LAMBDA(_xlpm._thisSheet,_xlpm._columnName,_xlpm._readmeSheetsRange,_xlpm._columnSearchHeader,_xlpm._columnNameHeader,_xlfn.LET(_xlpm._rowColumnNameHeader,ROW(_xlpm._columnNameHeader),_xlpm._startOfSheetExplanations,MATCH(_xlpm._thisSheet,_xlpm._readmeSheetsRange,0),_xlpm._numberOfEntriesForSheet,COUNTIF(_xlpm._readmeSheetsRange,_xlpm._thisSheet),_xlpm._searchRange,OFFSET(_xlpm._columnSearchHeader,_xlpm._startOfSheetExplanations-_xlpm._rowColumnNameHeader,0,_xlpm._numberOfEntriesForSheet,1),_xlpm._entryOffset,MATCH(_xlpm._columnName,_xlpm._searchRange,0)-1+_xlpm._startOfSheetExplanations,HYPERLINK("#'"&Helper!$G$2&"'!"&CHAR(CODE("A")+COLUMN(_xlpm._columnNameHeader)-1)&_xlpm._entryOffset,Definitions!$AY$4)))(Helper!$G$3,BA$2,README!$E:$E,README!$I$36,README!$B$36)} -> ◈ | BF1: {=_xlfn.LAMBDA(_xlpm._thisSheet,_xlpm._columnName,_xlpm._readmeSheetsRange,_xlpm._columnSearchHeader,_xlpm._columnNameHeader,_xlfn.LET(_xlpm._rowColumnNameHeader,ROW(_xlpm._columnNameHeader),_xlpm._startOfSheetExplanations,MATCH(_xlpm._thisSheet,_xlpm._readmeSheetsRange,0),_xlpm._numberOfEntriesForSheet,COUNTIF(_xlpm._readmeSheetsRange,_xlpm._thisSheet),_xlpm._searchRange,OFFSET(_xlpm._columnSearchHeader,_xlpm._startOfSheetExplanations-_xlpm._rowColumnNameHeader,0,_xlpm._numberOfEntriesForSheet,1),_xlpm._entryOffset,MATCH(_xlpm._columnName,_xlpm._searchRange,0)-1+_xlpm._startOfSheetExplanations,HYPERLINK("#'"&Helper!$G$2&"'!"&CHAR(CODE("A")+COLUMN(_xlpm._columnNameHeader)-1)&_xlpm._entryOffset,Definitions!$AY$4)))(Helper!$G$3,BF$2,README!$E:$E,README!$I$36,README!$B$36)} -> ◈ | BI1: {=_xlfn.LAMBDA(_xlpm._thisSheet,_xlpm._columnName,_xlpm._readmeSheetsRange,_xlpm._columnSearchHeader,_xlpm._columnNameHeader,_xlfn.LET(_xlpm._rowColumnNameHeader,ROW(_xlpm._columnNameHeader),_xlpm._startOfSheetExplanations,MATCH(_xlpm._thisSheet,_xlpm._readmeSheetsRange,0),_xlpm._numberOfEntriesForSheet,COUNTIF(_xlpm._readmeSheetsRange,_xlpm._thisSheet),_xlpm._searchRange,OFFSET(_xlpm._columnSearchHeader,_xlpm._startOfSheetExplanations-_xlpm._rowColumnNameHeader,0,_xlpm._numberOfEntriesForSheet,1),_xlpm._entryOffset,MATCH(_xlpm._columnName,_xlpm._searchRange,0)-1+_xlpm._startOfSheetExplanations,HYPERLINK("#'"&Helper!$G$2&"'!"&CHAR(CODE("A")+COLUMN(_xlpm._columnNameHeader)-1)&_xlpm._entryOffset,Definitions!$AY$4)))(Helper!$G$3,BI$2,README!$E:$E,README!$I$36,README!$B$36)} -> ◈ | BK1: {=_xlfn.LAMBDA(_xlpm._thisSheet,_xlpm._columnName,_xlpm._readmeSheetsRange,_xlpm._columnSearchHeader,_xlpm._columnNameHeader,_xlfn.LET(_xlpm._rowColumnNameHeader,ROW(_xlpm._columnNameHeader),_xlpm._startOfSheetExplanations,MATCH(_xlpm._thisSheet,_xlpm._readmeSheetsRange,0),_xlpm._numberOfEntriesForSheet,COUNTIF(_xlpm._readmeSheetsRange,_xlpm._thisSheet),_xlpm._searchRange,OFFSET(_xlpm._columnSearchHeader,_xlpm._startOfSheetExplanations-_xlpm._rowColumnNameHeader,0,_xlpm._numberOfEntriesForSheet,1),_xlpm._entryOffset,MATCH(_xlpm._columnName,_xlpm._searchRange,0)-1+_xlpm._startOfSheetExplanations,HYPERLINK("#'"&Helper!$G$2&"'!"&CHAR(CODE("A")+COLUMN(_xlpm._columnNameHeader)-1)&_xlpm._entryOffset,Definitions!$AY$4)))(Helper!$G$3,BK$2,README!$E:$E,README!$I$36,README!$B$36)} -> ◈
A2: Yes / No | C2: Company Name | E2: Damage Categories | G2: Damage Criteria | M2: Risk Treatment | O2: Type of gateway | Q2: Damage Levels | T2: Line Width | V2: Required Attack Potential | Y2: Required Attack Potential - Factors | AE2: Risk Values | AH2: Risk Matrix | AO2: Stakeholders | AQ2: Additional assumptions / countermeasures | AU2: Display Blue Box | AW2: Product Life Time / Support Duration | AY2: Helper Link | BA2: JSON Export | BF2: Supply Chain Answers | BI2: Secure Production | BK2: Supply Chain Security
A3: Choices | C3: Name | E3: Name | G3: Category | H3: Name | I3: Description | J3: Damage Level | K3: Not first of Category | M3: Options | O3: Options | Q3: Name | R3: Value | T3: # Characters | V3: Threshold | W3: RAP | Y3: Class | Z3: Factor | AA3: Value | AB3: Class ID | AC3: Not first of Category | AE3: Name | AF3: Value | AH3: RAP > v Damage | AI3: =OFFSET($W$4,COLUMN()-COLUMN($AI$2),0) -> Basic | AJ3: =OFFSET($W$4,COLUMN()-COLUMN($AI$2),0) -> Enhanced-Basic | AK3: =OFFSET($W$4,COLUMN()-COLUMN($AI$2),0) -> Moderate | AL3: =OFFSET($W$4,COLUMN()-COLUMN($AI$2),0) -> High | AM3: =OFFSET($W$4,COLUMN()-COLUMN($AI$2),0) -> Beyond High | AO3: Stakeholder Names | AQ3: Element Type | AR3: Syntax Start | AS3: Syntax End | AU3: Marking for Comments at Answers that Trigger Assumptions / Countermeasures | AW3: Time frame | AY3: Symbol (not allowed in IDs) | BA3: Sheet Name | BB3: Columns | BC3: Shadow ID Column | BD3: Shadow ID Header | BF3: Answer | BG3: Explanation | BI3: Options | BK3: Options
A4: Yes | C4: acontis techonlogies GmbH | E4: Personal Data | G4: =$E$4 -> Personal Data | H4: Personal data (low) | I4: It is possible that the person affected will be negatively affected in his or her social status or economic situation | J4: Low | K4: =OFFSET($G4,-1,0)=$G4 -> FALSE | M4: Accept | O4: Local network gateway | Q4: Immaterial | R4: 1 | T4: 60 | V4: 0 | W4: Basic | Y4: Elapsed Time | Z4: <= one day | AA4: 0 | AB4: {=IF(ROW()=ROW($AB$3)+1,0,INDEX($AB:$AB,ROW()-1))+IF($Y4=INDEX($Y:$Y,ROW()-1),0,1)} -> 1 | AC4: =OFFSET($AB4,-1,0)=$AB4 -> FALSE | AE4: No Risk | AF4: 0 | AH4: =Q4 -> Immaterial | AI4: =$AE$5 -> Low | AJ4: =$AE$5 -> Low | AK4: =$AE$5 -> Low | AL4: =$AE$5 -> Low | AM4: =$AE$5 -> Low | AO4: =$C$4 -> acontis techonlogies GmbH | AQ4: Assumption | AR4: {A | AS4: } | AU4: Yes | AW4: 0 - 5 years | AY4: =_xlfn.UNICHAR(9672) -> ◈ | BA4: {=GetSheetName(Questionnaire!$L$3)} -> Questionnaire | BB4: {=GetColumnLetter(Questionnaire!$A$2)&GetColumnLetter(Questionnaire!$K$2)&GetColumnLetter(Questionnaire!$C$2)&GetColumnLetter(Questionnaire!$D$2)&GetColumnLetter(Questionnaire!$E$2)&GetColumnLetter(Questionnaire!$F$2)&GetColumnLetter(Questionnaire!$G$2)} -> AKCDEFG | BC4: {=GetColumnLetter(Questionnaire!$L$3)} -> L | BD4: =ROW(Questionnaire!$L$2) -> 2 | BF4: Yes | BG4: The suppliers are trustworthy | BI4: No protection | BK4: Established supplier (several years of positive cooperation, sufficient size) (Open source alternative: git with regular updates)
A5: No | E5: Loss of Intellectual Property | G5: =$E$4 -> Personal Data | H5: Personal data (significant) | I5: The person affected can be significantly impaired in his or her social status or economic circumstances | J5: High | K5: =OFFSET($G5,-1,0)=$G5 -> TRUE | M5: Avoid | O5: Internet-facing gateway | Q5: Low | R5: 2 | V5: 10 | W5: Enhanced-Basic | Y5: Elapsed Time | Z5: <= one week | AA5: 1 | AB5: {=IF(ROW()=ROW($AB$3)+1,0,INDEX($AB:$AB,ROW()-1))+IF($Y5=INDEX($Y:$Y,ROW()-1),0,1)} -> 1 | AC5: =OFFSET($AB5,-1,0)=$AB5 -> TRUE | AE5: Low | AF5: 1 | AH5: =Q5 -> Low | AI5: =$AE$7 -> High | AJ5: =$AE$6 -> Moderate | AK5: =$AE$6 -> Moderate | AL5: =$AE$6 -> Moderate | AM5: =$AE$5 -> Low | AO5: Customer | AQ5: Countermeasure | AR5: {C | AS5: } | AW5: 5 - 10 years | BA5: {=GetSheetName('Risk Treatment'!$U$4)} -> Risk Treatment | BB5: {=GetColumnLetter('Risk Treatment'!$C$4)&GetColumnLetter('Risk Treatment'!$F$4)&GetColumnLetter('Risk Treatment'!$H$4)&GetColumnLetter('Risk Treatment'!$I$4)&GetColumnLetter('Risk Treatment'!$J$4)&GetColumnLetter('Risk Treatment'!$O$4)&GetColumnLetter('Risk Treatment'!$R$4)} -> CFHIJOR | BC5: {=GetColumnLetter('Risk Treatment'!$U$4)} -> U | BD5: =ROW('Risk Treatment'!$U$4) -> 4 | BF5: No | BG5: At least one supplier is not trusted | BI5: Internal production - only access control | BK5: Renowned supplier (internationally well-known) (Open Source: large renowned project)
E6: Financial and Legal | G6: =$E$4 -> Personal Data | H6: Personal data (ruinous) | I6: The person affected can be ruinously impaired in his social status and economic circumstances. The freedom of the person concerned is threatened | J6: Critical | K6: =OFFSET($G6,-1,0)=$G6 -> TRUE | M6: Mitigate | Q6: Medium | R6: 3 | V6: 14 | W6: Moderate | Y6: Elapsed Time | Z6: <= one month | AA6: 4 | AB6: {=IF(ROW()=ROW($AB$3)+1,0,INDEX($AB:$AB,ROW()-1))+IF($Y6=INDEX($Y:$Y,ROW()-1),0,1)} -> 1 | AC6: =OFFSET($AB6,-1,0)=$AB6 -> TRUE | AE6: Moderate | AF6: 2 | AH6: =Q6 -> Medium | AI6: =$AE$8 -> Very High | AJ6: =$AE$7 -> High | AK6: =$AE$7 -> High | AL6: =$AE$6 -> Moderate | AM6: =$AE$6 -> Moderate | AO6: Other (see comment) | AQ6: RAP Delimiter (Mitigation sheet only) | AR6: : | AW6: 10 - 20 years | BA6: {=GetSheetName('Result Summary'!$I$17)} -> Result Summary | BB6: {=GetColumnLetter('Result Summary'!$A$17)&GetColumnLetter('Result Summary'!$B$17)&GetColumnLetter('Result Summary'!$C$17)} -> ABC | BC6: {=GetColumnLetter('Result Summary'!$I$17)} -> I | BD6: =ROW('Result Summary'!$I$17) -> 17 | BF6: N/A | BG6: Not applicable: no supplier | BI6: Internal production according to IT requirements | BK6: Supplier agreed to cybersecurity requirements in a contract (Open source alternative: Foundation / open source steward)
E7: Safety | G7: =$E$5 -> Loss of Intellectual Property | H7: IP (slightly innovative) | I7: Loss of general idea how product works or low impact on markets (little innovation / very small market) | J7: Low | K7: =OFFSET($G7,-1,0)=$G7 -> FALSE | M7: Transfer | Q7: High | R7: 4 | V7: 20 | W7: High | Y7: Elapsed Time | Z7: <= six months | AA7: 10 | AB7: {=IF(ROW()=ROW($AB$3)+1,0,INDEX($AB:$AB,ROW()-1))+IF($Y7=INDEX($Y:$Y,ROW()-1),0,1)} -> 1 | AC7: =OFFSET($AB7,-1,0)=$AB7 -> TRUE | AE7: High | AF7: 3 | AH7: =Q7 -> High | AI7: =$AE$8 -> Very High | AJ7: =$AE$8 -> Very High | AK7: =$AE$7 -> High | AL7: =$AE$7 -> High | AM7: =$AE$6 -> Moderate | AW7: 20+ years | BI7: Internal validated production (e.g., ISACA OT-Check) | BK7: Supplier is audited (by the Q-department)
E8: Function and Availability | G8: =$E$5 -> Loss of Intellectual Property | H8: IP (moderately innovative) | I8: Relevant aspects of system is comprehensible or moderate impact on markets (some innovation in the product / medium size market) | J8: Medium | K8: =OFFSET($G8,-1,0)=$G8 -> TRUE | Q8: Critical | R8: 5 | V8: 25 | W8: Beyond High | Y8: Elapsed Time | Z8: Years | AA8: 19 | AB8: {=IF(ROW()=ROW($AB$3)+1,0,INDEX($AB:$AB,ROW()-1))+IF($Y8=INDEX($Y:$Y,ROW()-1),0,1)} -> 1 | AC8: =OFFSET($AB8,-1,0)=$AB8 -> TRUE | AE8: Very High | AF8: 4 | AH8: =Q8 -> Critical | AI8: =$AE$8 -> Very High | AJ8: =$AE$8 -> Very High | AK8: =$AE$8 -> Very High | AL8: =$AE$7 -> High | AM8: =$AE$6 -> Moderate | BI8: Certified production (e.g., IEC 62443) | BK8: Supplier is certified
G9: =$E$5 -> Loss of Intellectual Property | H9: IP (highly innovative) | I9: Can be copied / technology available or high impact on markets (highly innovative product / high-volume market) | J9: High | K9: =OFFSET($G9,-1,0)=$G9 -> TRUE | Y9: Elapsed Time | Z9: Decades | AA9: 25 | AB9: {=IF(ROW()=ROW($AB$3)+1,0,INDEX($AB:$AB,ROW()-1))+IF($Y9=INDEX($Y:$Y,ROW()-1),0,1)} -> 1 | AC9: =OFFSET($AB9,-1,0)=$AB9 -> TRUE | BI9: Software: CI/CD Pipeline
G10: =$E$6 -> Financial and Legal | H10: Low financial damage | I10: Direct loss, fines for infringements of laws, or violations of contracts (low volume) | J10: Low | K10: =OFFSET($G10,-1,0)=$G10 -> FALSE | Y10: Expertise | Z10: Layman | AA10: 0 | AB10: {=IF(ROW()=ROW($AB$3)+1,0,INDEX($AB:$AB,ROW()-1))+IF($Y10=INDEX($Y:$Y,ROW()-1),0,1)} -> 2 | AC10: =OFFSET($AB10,-1,0)=$AB10 -> FALSE | BI10: Software: Internal Audit
G11: =$E$6 -> Financial and Legal | H11: Medium financial damage | I11: Direct loss, fines for infringements of laws, or violations of contracts (medium volume) | J11: Medium | K11: =OFFSET($G11,-1,0)=$G11 -> TRUE | Y11: Expertise | Z11: Proficient | AA11: 3 | AB11: {=IF(ROW()=ROW($AB$3)+1,0,INDEX($AB:$AB,ROW()-1))+IF($Y11=INDEX($Y:$Y,ROW()-1),0,1)} -> 2 | AC11: =OFFSET($AB11,-1,0)=$AB11 -> TRUE | BI11: Software: ISO-certified
G12: =$E$6 -> Financial and Legal | H12: High financial damage | I12: Direct loss, fines for infringements of laws, or violations of contracts (high volume) | J12: High | K12: =OFFSET($G12,-1,0)=$G12 -> TRUE | Y12: Expertise | Z12: Expert | AA12: 6 | AB12: {=IF(ROW()=ROW($AB$3)+1,0,INDEX($AB:$AB,ROW()-1))+IF($Y12=INDEX($Y:$Y,ROW()-1),0,1)} -> 2 | AC12: =OFFSET($AB12,-1,0)=$AB12 -> TRUE
G13: =$E$6 -> Financial and Legal | H13: Critical financial damage | I13: Loss of freedom for employees, direct loss, fines for infringements of laws, or violations of contracts (critical volume) | J13: Critical | K13: =OFFSET($G13,-1,0)=$G13 -> TRUE | Y13: Expertise | Z13: Multiple experts | AA13: 8 | AB13: {=IF(ROW()=ROW($AB$3)+1,0,INDEX($AB:$AB,ROW()-1))+IF($Y13=INDEX($Y:$Y,ROW()-1),0,1)} -> 2 | AC13: =OFFSET($AB13,-1,0)=$AB13 -> TRUE
G14: =$E$7 -> Safety | H14: Potentially dangerous situation | I14: Potentially dangerous situation | J14: Low | K14: =OFFSET($G14,-1,0)=$G14 -> FALSE | Y14: Knowledge of TOE | Z14: Public | AA14: 0 | AB14: {=IF(ROW()=ROW($AB$3)+1,0,INDEX($AB:$AB,ROW()-1))+IF($Y14=INDEX($Y:$Y,ROW()-1),0,1)} -> 3 | AC14: =OFFSET($AB14,-1,0)=$AB14 -> FALSE
G15: =$E$7 -> Safety | H15: Light or moderate injury | I15: Light or moderate injury | J15: Medium | K15: =OFFSET($G15,-1,0)=$G15 -> TRUE | Y15: Knowledge of TOE | Z15: Restricted | AA15: 3 | AB15: {=IF(ROW()=ROW($AB$3)+1,0,INDEX($AB:$AB,ROW()-1))+IF($Y15=INDEX($Y:$Y,ROW()-1),0,1)} -> 3 | AC15: =OFFSET($AB15,-1,0)=$AB15 -> TRUE
G16: =$E$7 -> Safety | H16: Severe injury (survival probable) | I16: Severe injury (survival probable) | J16: High | K16: =OFFSET($G16,-1,0)=$G16 -> TRUE | Y16: Knowledge of TOE | Z16: Sensitive | AA16: 7 | AB16: {=IF(ROW()=ROW($AB$3)+1,0,INDEX($AB:$AB,ROW()-1))+IF($Y16=INDEX($Y:$Y,ROW()-1),0,1)} -> 3 | AC16: =OFFSET($AB16,-1,0)=$AB16 -> TRUE
G17: =$E$7 -> Safety | H17: Life-threatening injury | I17: Life-threatening injury | J17: Critical | K17: =OFFSET($G17,-1,0)=$G17 -> TRUE | Y17: Knowledge of TOE | Z17: Critical | AA17: 11 | AB17: {=IF(ROW()=ROW($AB$3)+1,0,INDEX($AB:$AB,ROW()-1))+IF($Y17=INDEX($Y:$Y,ROW()-1),0,1)} -> 3 | AC17: =OFFSET($AB17,-1,0)=$AB17 -> TRUE
G18: =$E$8 -> Function and Availability | H18: Disturbance | I18: Minor disturbance, customer can quickly fix issue himself (e.g. reset) | J18: Low | K18: =OFFSET($G18,-1,0)=$G18 -> FALSE | Y18: Window of Opportunity | Z18: Unnecessary / unlimited access | AA18: 0 | AB18: {=IF(ROW()=ROW($AB$3)+1,0,INDEX($AB:$AB,ROW()-1))+IF($Y18=INDEX($Y:$Y,ROW()-1),0,1)} -> 4 | AC18: =OFFSET($AB18,-1,0)=$AB18 -> FALSE
G19: =$E$8 -> Function and Availability | H19: Service required | I19: Disturbance of function, service required | J19: Medium | K19: =OFFSET($G19,-1,0)=$G19 -> TRUE | Y19: Window of Opportunity | Z19: Easy | AA19: 1 | AB19: {=IF(ROW()=ROW($AB$3)+1,0,INDEX($AB:$AB,ROW()-1))+IF($Y19=INDEX($Y:$Y,ROW()-1),0,1)} -> 4 | AC19: =OFFSET($AB19,-1,0)=$AB19 -> TRUE
G20: =$E$8 -> Function and Availability | H20: Major disturbance | I20: Major disturbance of function | J20: High | K20: =OFFSET($G20,-1,0)=$G20 -> TRUE | Y20: Window of Opportunity | Z20: Moderate | AA20: 4 | AB20: {=IF(ROW()=ROW($AB$3)+1,0,INDEX($AB:$AB,ROW()-1))+IF($Y20=INDEX($Y:$Y,ROW()-1),0,1)} -> 4 | AC20: =OFFSET($AB20,-1,0)=$AB20 -> TRUE
G21: =$E$8 -> Function and Availability | H21: Environmental damage | I21: Singular incident with limited environmental damage | J21: High | K21: =OFFSET($G21,-1,0)=$G21 -> TRUE | Y21: Window of Opportunity | Z21: Difficult | AA21: 10 | AB21: {=IF(ROW()=ROW($AB$3)+1,0,INDEX($AB:$AB,ROW()-1))+IF($Y21=INDEX($Y:$Y,ROW()-1),0,1)} -> 4 | AC21: =OFFSET($AB21,-1,0)=$AB21 -> TRUE
G22: =$E$8 -> Function and Availability | H22: Critical disturbance (destruction) | I22: Destruction of plant, severe damage to assets or operational environment, critical disturbance of function | J22: Critical | K22: =OFFSET($G22,-1,0)=$G22 -> TRUE | Y22: Window of Opportunity | Z22: None | AA22: 25 | AB22: {=IF(ROW()=ROW($AB$3)+1,0,INDEX($AB:$AB,ROW()-1))+IF($Y22=INDEX($Y:$Y,ROW()-1),0,1)} -> 4 | AC22: =OFFSET($AB22,-1,0)=$AB22 -> TRUE
G23: =$E$8 -> Function and Availability | H23: Critical environmental damage | I23: Environmental damages that accumulate to critical impact over time as well as critical damages that happen in a single incident | J23: Critical | K23: =OFFSET($G23,-1,0)=$G23 -> TRUE | Y23: Equipment | Z23: Standard | AA23: 0 | AB23: {=IF(ROW()=ROW($AB$3)+1,0,INDEX($AB:$AB,ROW()-1))+IF($Y23=INDEX($Y:$Y,ROW()-1),0,1)} -> 5 | AC23: =OFFSET($AB23,-1,0)=$AB23 -> FALSE
Y24: Equipment | Z24: Specialized | AA24: 4 | AB24: {=IF(ROW()=ROW($AB$3)+1,0,INDEX($AB:$AB,ROW()-1))+IF($Y24=INDEX($Y:$Y,ROW()-1),0,1)} -> 5 | AC24: =OFFSET($AB24,-1,0)=$AB24 -> TRUE
Y25: Equipment | Z25: Bespoke | AA25: 7 | AB25: {=IF(ROW()=ROW($AB$3)+1,0,INDEX($AB:$AB,ROW()-1))+IF($Y25=INDEX($Y:$Y,ROW()-1),0,1)} -> 5 | AC25: =OFFSET($AB25,-1,0)=$AB25 -> TRUE
Y26: Equipment | Z26: Multiple bespoke | AA26: 9 | AB26: {=IF(ROW()=ROW($AB$3)+1,0,INDEX($AB:$AB,ROW()-1))+IF($Y26=INDEX($Y:$Y,ROW()-1),0,1)} -> 5 | AC26: =OFFSET($AB26,-1,0)=$AB26 -> TRUE

Sheet Questions
A1: {=_xlfn.LAMBDA(_xlpm._thisSheet,_xlpm._columnName,_xlpm._readmeSheetsRange,_xlpm._columnSearchHeader,_xlpm._columnNameHeader,_xlfn.LET(_xlpm._rowColumnNameHeader,ROW(_xlpm._columnNameHeader),_xlpm._startOfSheetExplanations,MATCH(_xlpm._thisSheet,_xlpm._readmeSheetsRange,0),_xlpm._numberOfEntriesForSheet,COUNTIF(_xlpm._readmeSheetsRange,_xlpm._thisSheet),_xlpm._searchRange,OFFSET(_xlpm._columnSearchHeader,_xlpm._startOfSheetExplanations-_xlpm._rowColumnNameHeader,0,_xlpm._numberOfEntriesForSheet,1),_xlpm._entryOffset,MATCH(_xlpm._columnName,_xlpm._searchRange,0)-1+_xlpm._startOfSheetExplanations,HYPERLINK("#'"&Helper!$G$2&"'!"&CHAR(CODE("A")+COLUMN(_xlpm._columnNameHeader)-1)&_xlpm._entryOffset,Definitions!$AY$4)))(Helper!$G$4,A$3,README!$E:$E,README!$I$36,README!$B$36)} -> ◈ | B1: {=_xlfn.LAMBDA(_xlpm._thisSheet,_xlpm._columnName,_xlpm._readmeSheetsRange,_xlpm._columnSearchHeader,_xlpm._columnNameHeader,_xlfn.LET(_xlpm._rowColumnNameHeader,ROW(_xlpm._columnNameHeader),_xlpm._startOfSheetExplanations,MATCH(_xlpm._thisSheet,_xlpm._readmeSheetsRange,0),_xlpm._numberOfEntriesForSheet,COUNTIF(_xlpm._readmeSheetsRange,_xlpm._thisSheet),_xlpm._searchRange,OFFSET(_xlpm._columnSearchHeader,_xlpm._startOfSheetExplanations-_xlpm._rowColumnNameHeader,0,_xlpm._numberOfEntriesForSheet,1),_xlpm._entryOffset,MATCH(_xlpm._columnName,_xlpm._searchRange,0)-1+_xlpm._startOfSheetExplanations,HYPERLINK("#'"&Helper!$G$2&"'!"&CHAR(CODE("A")+COLUMN(_xlpm._columnNameHeader)-1)&_xlpm._entryOffset,Definitions!$AY$4)))(Helper!$G$4,B$3,README!$E:$E,README!$I$36,README!$B$36)} -> ◈ | C1: {=_xlfn.LAMBDA(_xlpm._thisSheet,_xlpm._columnName,_xlpm._readmeSheetsRange,_xlpm._columnSearchHeader,_xlpm._columnNameHeader,_xlfn.LET(_xlpm._rowColumnNameHeader,ROW(_xlpm._columnNameHeader),_xlpm._startOfSheetExplanations,MATCH(_xlpm._thisSheet,_xlpm._readmeSheetsRange,0),_xlpm._numberOfEntriesForSheet,COUNTIF(_xlpm._readmeSheetsRange,_xlpm._thisSheet),_xlpm._searchRange,OFFSET(_xlpm._columnSearchHeader,_xlpm._startOfSheetExplanations-_xlpm._rowColumnNameHeader,0,_xlpm._numberOfEntriesForSheet,1),_xlpm._entryOffset,MATCH(_xlpm._columnName,_xlpm._searchRange,0)-1+_xlpm._startOfSheetExplanations,HYPERLINK("#'"&Helper!$G$2&"'!"&CHAR(CODE("A")+COLUMN(_xlpm._columnNameHeader)-1)&_xlpm._entryOffset,Definitions!$AY$4)))(Helper!$G$4,C$3,README!$E:$E,README!$I$36,README!$B$36)} -> ◈ | D1: {=_xlfn.LAMBDA(_xlpm._thisSheet,_xlpm._columnName,_xlpm._readmeSheetsRange,_xlpm._columnSearchHeader,_xlpm._columnNameHeader,_xlfn.LET(_xlpm._rowColumnNameHeader,ROW(_xlpm._columnNameHeader),_xlpm._startOfSheetExplanations,MATCH(_xlpm._thisSheet,_xlpm._readmeSheetsRange,0),_xlpm._numberOfEntriesForSheet,COUNTIF(_xlpm._readmeSheetsRange,_xlpm._thisSheet),_xlpm._searchRange,OFFSET(_xlpm._columnSearchHeader,_xlpm._startOfSheetExplanations-_xlpm._rowColumnNameHeader,0,_xlpm._numberOfEntriesForSheet,1),_xlpm._entryOffset,MATCH(_xlpm._columnName,_xlpm._searchRange,0)-1+_xlpm._startOfSheetExplanations,HYPERLINK("#'"&Helper!$G$2&"'!"&CHAR(CODE("A")+COLUMN(_xlpm._columnNameHeader)-1)&_xlpm._entryOffset,Definitions!$AY$4)))(Helper!$G$4,D$3,README!$E:$E,README!$I$36,README!$B$36)} -> ◈ | E1: {=_xlfn.LAMBDA(_xlpm._thisSheet,_xlpm._columnName,_xlpm._readmeSheetsRange,_xlpm._columnSearchHeader,_xlpm._columnNameHeader,_xlfn.LET(_xlpm._rowColumnNameHeader,ROW(_xlpm._columnNameHeader),_xlpm._startOfSheetExplanations,MATCH(_xlpm._thisSheet,_xlpm._readmeSheetsRange,0),_xlpm._numberOfEntriesForSheet,COUNTIF(_xlpm._readmeSheetsRange,_xlpm._thisSheet),_xlpm._searchRange,OFFSET(_xlpm._columnSearchHeader,_xlpm._startOfSheetExplanations-_xlpm._rowColumnNameHeader,0,_xlpm._numberOfEntriesForSheet,1),_xlpm._entryOffset,MATCH(_xlpm._columnName,_xlpm._searchRange,0)-1+_xlpm._startOfSheetExplanations,HYPERLINK("#'"&Helper!$G$2&"'!"&CHAR(CODE("A")+COLUMN(_xlpm._columnNameHeader)-1)&_xlpm._entryOffset,Definitions!$AY$4)))(Helper!$G$4,E$3,README!$E:$E,README!$I$36,README!$B$36)} -> ◈ | F1: {=_xlfn.LAMBDA(_xlpm._thisSheet,_xlpm._columnName,_xlpm._readmeSheetsRange,_xlpm._columnSearchHeader,_xlpm._columnNameHeader,_xlfn.LET(_xlpm._rowColumnNameHeader,ROW(_xlpm._columnNameHeader),_xlpm._startOfSheetExplanations,MATCH(_xlpm._thisSheet,_xlpm._readmeSheetsRange,0),_xlpm._numberOfEntriesForSheet,COUNTIF(_xlpm._readmeSheetsRange,_xlpm._thisSheet),_xlpm._searchRange,OFFSET(_xlpm._columnSearchHeader,_xlpm._startOfSheetExplanations-_xlpm._rowColumnNameHeader,0,_xlpm._numberOfEntriesForSheet,1),_xlpm._entryOffset,MATCH(_xlpm._columnName,_xlpm._searchRange,0)-1+_xlpm._startOfSheetExplanations,HYPERLINK("#'"&Helper!$G$2&"'!"&CHAR(CODE("A")+COLUMN(_xlpm._columnNameHeader)-1)&_xlpm._entryOffset,Definitions!$AY$4)))(Helper!$G$4,F$3,README!$E:$E,README!$I$36,README!$B$36)} -> ◈ | G1: {=_xlfn.LAMBDA(_xlpm._thisSheet,_xlpm._columnName,_xlpm._readmeSheetsRange,_xlpm._columnSearchHeader,_xlpm._columnNameHeader,_xlfn.LET(_xlpm._rowColumnNameHeader,ROW(_xlpm._columnNameHeader),_xlpm._startOfSheetExplanations,MATCH(_xlpm._thisSheet,_xlpm._readmeSheetsRange,0),_xlpm._numberOfEntriesForSheet,COUNTIF(_xlpm._readmeSheetsRange,_xlpm._thisSheet),_xlpm._searchRange,OFFSET(_xlpm._columnSearchHeader,_xlpm._startOfSheetExplanations-_xlpm._rowColumnNameHeader,0,_xlpm._numberOfEntriesForSheet,1),_xlpm._entryOffset,MATCH(_xlpm._columnName,_xlpm._searchRange,0)-1+_xlpm._startOfSheetExplanations,HYPERLINK("#'"&Helper!$G$2&"'!"&CHAR(CODE("A")+COLUMN(_xlpm._columnNameHeader)-1)&_xlpm._entryOffset,Definitions!$AY$4)))(Helper!$G$4,G$3,README!$E:$E,README!$I$36,README!$B$36)} -> ◈ | H1: {=_xlfn.LAMBDA(_xlpm._thisSheet,_xlpm._columnName,_xlpm._readmeSheetsRange,_xlpm._columnSearchHeader,_xlpm._columnNameHeader,_xlfn.LET(_xlpm._rowColumnNameHeader,ROW(_xlpm._columnNameHeader),_xlpm._startOfSheetExplanations,MATCH(_xlpm._thisSheet,_xlpm._readmeSheetsRange,0),_xlpm._numberOfEntriesForSheet,COUNTIF(_xlpm._readmeSheetsRange,_xlpm._thisSheet),_xlpm._searchRange,OFFSET(_xlpm._columnSearchHeader,_xlpm._startOfSheetExplanations-_xlpm._rowColumnNameHeader,0,_xlpm._numberOfEntriesForSheet,1),_xlpm._entryOffset,MATCH(_xlpm._columnName,_xlpm._searchRange,0)-1+_xlpm._startOfSheetExplanations,HYPERLINK("#'"&Helper!$G$2&"'!"&CHAR(CODE("A")+COLUMN(_xlpm._columnNameHeader)-1)&_xlpm._entryOffset,Definitions!$AY$4)))(Helper!$G$4,H$3,README!$E:$E,README!$I$36,README!$B$36)} -> ◈ | ... N1: {=_xlfn.LAMBDA(_xlpm._thisSheet,_xlpm._columnName,_xlpm._readmeSheetsRange,_xlpm._columnSearchHeader,_xlpm._columnNameHeader,_xlfn.LET(_xlpm._rowColumnNameHeader,ROW(_xlpm._columnNameHeader),_xlpm._startOfSheetExplanations,MATCH(_xlpm._thisSheet,_xlpm._readmeSheetsRange,0),_xlpm._numberOfEntriesForSheet,COUNTIF(_xlpm._readmeSheetsRange,_xlpm._thisSheet),_xlpm._searchRange,OFFSET(_xlpm._columnSearchHeader,_xlpm._startOfSheetExplanations-_xlpm._rowColumnNameHeader,0,_xlpm._numberOfEntriesForSheet,1),_xlpm._entryOffset,MATCH(_xlpm._columnName,_xlpm._searchRange,0)-1+_xlpm._startOfSheetExplanations,HYPERLINK("#'"&Helper!$G$2&"'!"&CHAR(CODE("A")+COLUMN(_xlpm._columnNameHeader)-1)&_xlpm._entryOffset,Definitions!$AY$4)))(Helper!$G$4,N$3,README!$E:$E,README!$I$36,README!$B$36)} -> ◈
E2: First Answer | I2: Second Answer
A3: ID | B3: Text | C3: Indentation | D3: Is a Question | E3: Options Range Header | F3: Height | G3: Resulting Options | H3: Info Text | I3: Options Range Header | J3: Height | K3: Resulting Options | L3: Info Text | M3: Inactive On | N3: Comment | O3: Shadow ID | P3: Task ID | Q3: Is Inactive | R3: Question Shadow ID
A4: H1 | B4: Impact Rating | C4: 0 | D4: =IF($A4="","",IF(LEFT($A4,1)="Q","x","")) | G4: =IF($E4="","",_xlfn.TEXTJOIN(CHAR(10),TRUE,OFFSET(INDIRECT($E4),0,0,$F4,1))) | K4: {=RemoveDelimiter(_xlfn.LAMBDA(_xlpm._optionsRanges,_xlpm._optionsHeights,IF(_xlpm._optionsRanges="","",_xlfn.LET(_xlpm._endOfFirstElement,FIND(CHAR(10),_xlpm._optionsRanges&CHAR(10)),_xlpm._optionsRangeWithPrefix,SUBSTITUTE(LEFT(_xlpm._optionsRanges,_xlpm._endOfFirstElement-1)," ",""),_xlpm._colPos,FIND(":",_xlpm._optionsRangeWithPrefix),_xlpm._prefix,LEFT(_xlpm._optionsRangeWithPrefix,_xlpm._colPos-1),_xlpm._optionsRange,RIGHT(_xlpm._optionsRangeWithPrefix,LEN(_xlpm._optionsRangeWithPrefix)-_xlpm._colPos),_xlpm._endOfFirstElementH,FIND(CHAR(10),_xlpm._optionsHeights&CHAR(10)),_xlpm._optionsHeightWithPrefix,SUBSTITUTE(LEFT(_xlpm._optionsHeights,_xlpm._endOfFirstElementH-1)," ",""),_xlpm._colPosH,FIND(":",_xlpm._optionsHeightWithPrefix),_xlpm._prefixH,LEFT(_xlpm._optionsHeightWithPrefix,_xlpm._colPosH-1),_xlpm._optionsHeight,VALUE(RIGHT(_xlpm._optionsHeightWithPrefix,LEN(_xlpm._optionsHeightWithPrefix)-_xlpm._colPosH)),IF(_xlpm._prefix<>_xlpm._prefixH,"ERROR: Prefix list is inconsistent.","___"&_xlpm._prefix&"___"&CHAR(10)&IF(_xlpm._optionsHeight=0,"",IFERROR(_xlfn.TEXTJOIN(CHAR(10),TRUE,OFFSET(INDIRECT(_xlpm._optionsRange),0,0,_xlpm._optionsHeight,1)),"ERROR: Check the README for the correct input format")))&IF(LEN(_xlpm._optionsRanges)<=_xlpm._endOfFirstElement,"",CHAR(10)&ShowResultingOptions(RIGHT(_xlpm._optionsRanges,LEN(_xlpm._optionsRanges)-_xlpm._endOfFirstElement),RIGHT(_xlpm._optionsHeights,LEN(_xlpm._optionsHeights)-_xlpm._endOfFirstElementH))))))($I4,$J4),CHAR(10))} | O4: {=CreateID($O$3,$O:$O,$A4<>"")} -> 1 | P4: {=CreateTaskID($P$3,$P:$P,Tasks!$B$17,$N4)} -> 0 | Q4: {=IF($M4="",FALSE,CheckRelevance(SanitizeInput($M4),Questionnaire!$AA:$AA))} -> FALSE | R4: {=CreateID($R$3,$R:$R,AND($A4<>"",$D4<>""))} -> 0
A5: H1.1 | B5: Worst case impact for loss of confidentiality | C5: 0 | D5: =IF($A5="","",IF(LEFT($A5,1)="Q","x","")) | G5: =IF($E5="","",_xlfn.TEXTJOIN(CHAR(10),TRUE,OFFSET(INDIRECT($E5),0,0,$F5,1))) | K5: {=RemoveDelimiter(_xlfn.LAMBDA(_xlpm._optionsRanges,_xlpm._optionsHeights,IF(_xlpm._optionsRanges="","",_xlfn.LET(_xlpm._endOfFirstElement,FIND(CHAR(10),_xlpm._optionsRanges&CHAR(10)),_xlpm._optionsRangeWithPrefix,SUBSTITUTE(LEFT(_xlpm._optionsRanges,_xlpm._endOfFirstElement-1)," ",""),_xlpm._colPos,FIND(":",_xlpm._optionsRangeWithPrefix),_xlpm._prefix,LEFT(_xlpm._optionsRangeWithPrefix,_xlpm._colPos-1),_xlpm._optionsRange,RIGHT(_xlpm._optionsRangeWithPrefix,LEN(_xlpm._optionsRangeWithPrefix)-_xlpm._colPos),_xlpm._endOfFirstElementH,FIND(CHAR(10),_xlpm._optionsHeights&CHAR(10)),_xlpm._optionsHeightWithPrefix,SUBSTITUTE(LEFT(_xlpm._optionsHeights,_xlpm._endOfFirstElementH-1)," ",""),_xlpm._colPosH,FIND(":",_xlpm._optionsHeightWithPrefix),_xlpm._prefixH,LEFT(_xlpm._optionsHeightWithPrefix,_xlpm._colPosH-1),_xlpm._optionsHeight,VALUE(RIGHT(_xlpm._optionsHeightWithPrefix,LEN(_xlpm._optionsHeightWithPrefix)-_xlpm._colPosH)),IF(_xlpm._prefix<>_xlpm._prefixH,"ERROR: Prefix list is inconsistent.","___"&_xlpm._prefix&"___"&CHAR(10)&IF(_xlpm._optionsHeight=0,"",IFERROR(_xlfn.TEXTJOIN(CHAR(10),TRUE,OFFSET(INDIRECT(_xlpm._optionsRange),0,0,_xlpm._optionsHeight,1)),"ERROR: Check the README for the correct input format")))&IF(LEN(_xlpm._optionsRanges)<=_xlpm._endOfFirstElement,"",CHAR(10)&ShowResultingOptions(RIGHT(_xlpm._optionsRanges,LEN(_xlpm._optionsRanges)-_xlpm._endOfFirstElement),RIGHT(_xlpm._optionsHeights,LEN(_xlpm._optionsHeights)-_xlpm._endOfFirstElementH))))))($I5,$J5),CHAR(10))} | O5: {=CreateID($O$3,$O:$O,$A5<>"")} -> 2 | P5: {=CreateTaskID($P$3,$P:$P,Tasks!$B$17,$N5)} -> 0 | Q5: {=IF($M5="",FALSE,CheckRelevance(SanitizeInput($M5),Questionnaire!$AA:$AA))} -> FALSE | R5: {=CreateID($R$3,$R:$R,AND($A5<>"",$D5<>""))} -> 0
A6: H1.1.1 | B6: Personal data | C6: 3 | D6: =IF($A6="","",IF(LEFT($A6,1)="Q","x","")) | G6: =IF($E6="","",_xlfn.TEXTJOIN(CHAR(10),TRUE,OFFSET(INDIRECT($E6),0,0,$F6,1))) | K6: {=RemoveDelimiter(_xlfn.LAMBDA(_xlpm._optionsRanges,_xlpm._optionsHeights,IF(_xlpm._optionsRanges="","",_xlfn.LET(_xlpm._endOfFirstElement,FIND(CHAR(10),_xlpm._optionsRanges&CHAR(10)),_xlpm._optionsRangeWithPrefix,SUBSTITUTE(LEFT(_xlpm._optionsRanges,_xlpm._endOfFirstElement-1)," ",""),_xlpm._colPos,FIND(":",_xlpm._optionsRangeWithPrefix),_xlpm._prefix,LEFT(_xlpm._optionsRangeWithPrefix,_xlpm._colPos-1),_xlpm._optionsRange,RIGHT(_xlpm._optionsRangeWithPrefix,LEN(_xlpm._optionsRangeWithPrefix)-_xlpm._colPos),_xlpm._endOfFirstElementH,FIND(CHAR(10),_xlpm._optionsHeights&CHAR(10)),_xlpm._optionsHeightWithPrefix,SUBSTITUTE(LEFT(_xlpm._optionsHeights,_xlpm._endOfFirstElementH-1)," ",""),_xlpm._colPosH,FIND(":",_xlpm._optionsHeightWithPrefix),_xlpm._prefixH,LEFT(_xlpm._optionsHeightWithPrefix,_xlpm._colPosH-1),_xlpm._optionsHeight,VALUE(RIGHT(_xlpm._optionsHeightWithPrefix,LEN(_xlpm._optionsHeightWithPrefix)-_xlpm._colPosH)),IF(_xlpm._prefix<>_xlpm._prefixH,"ERROR: Prefix list is inconsistent.","___"&_xlpm._prefix&"___"&CHAR(10)&IF(_xlpm._optionsHeight=0,"",IFERROR(_xlfn.TEXTJOIN(CHAR(10),TRUE,OFFSET(INDIRECT(_xlpm._optionsRange),0,0,_xlpm._optionsHeight,1)),"ERROR: Check the README for the correct input format")))&IF(LEN(_xlpm._optionsRanges)<=_xlpm._endOfFirstElement,"",CHAR(10)&ShowResultingOptions(RIGHT(_xlpm._optionsRanges,LEN(_xlpm._optionsRanges)-_xlpm._endOfFirstElement),RIGHT(_xlpm._optionsHeights,LEN(_xlpm._optionsHeights)-_xlpm._endOfFirstElementH))))))($I6,$J6),CHAR(10))} | O6: {=CreateID($O$3,$O:$O,$A6<>"")} -> 3 | P6: {=CreateTaskID($P$3,$P:$P,Tasks!$B$17,$N6)} -> 0 | Q6: {=IF($M6="",FALSE,CheckRelevance(SanitizeInput($M6),Questionnaire!$AA:$AA))} -> FALSE | R6: {=CreateID($R$3,$R:$R,AND($A6<>"",$D6<>""))} -> 0
A7: QI1 | B7: Does the product have cameras or other sensors that can potentially recognize people? | C7: 6 | D7: =IF($A7="","",IF(LEFT($A7,1)="Q","x","")) -> x | E7: {=CELL("address",Definitions!$A$4)} -> '[QuBA-libre.xlsx]Definitions'!$A$4 | F7: =ROWS(Definitions!$A$4:$A$5) -> 2 | G7: =IF($E7="","",_xlfn.TEXTJOIN(CHAR(10),TRUE,OFFSET(INDIRECT($E7),0,0,$F7,1))) -> Yes No | H7: =Definitions!$A$4&": Can you argue that the product does not film people?"&CHAR(10)&Definitions!$A$5&":" -> Yes: Can you argue that the product does not film people? No: | I7: {=Definitions!$A$4&": "&CELL("address",Definitions!$A$4)} -> Yes: '[QuBA-libre.xlsx]Definitions'!$A$4 | J7: =Definitions!$A$4&": "&ROWS(Definitions!$A$4:$A$5) -> Yes: 2 | K7: {=RemoveDelimiter(_xlfn.LAMBDA(_xlpm._optionsRanges,_xlpm._optionsHeights,IF(_xlpm._optionsRanges="","",_xlfn.LET(_xlpm._endOfFirstElement,FIND(CHAR(10),_xlpm._optionsRanges&CHAR(10)),_xlpm._optionsRangeWithPrefix,SUBSTITUTE(LEFT(_xlpm._optionsRanges,_xlpm._endOfFirstElement-1)," ",""),_xlpm._colPos,FIND(":",_xlpm._optionsRangeWithPrefix),_xlpm._prefix,LEFT(_xlpm._optionsRangeWithPrefix,_xlpm._colPos-1),_xlpm._optionsRange,RIGHT(_xlpm._optionsRangeWithPrefix,LEN(_xlpm._optionsRangeWithPrefix)-_xlpm._colPos),_xlpm._endOfFirstElementH,FIND(CHAR(10),_xlpm._optionsHeights&CHAR(10)),_xlpm._optionsHeightWithPrefix,SUBSTITUTE(LEFT(_xlpm._optionsHeights,_xlpm._endOfFirstElementH-1)," ",""),_xlpm._colPosH,FIND(":",_xlpm._optionsHeightWithPrefix),_xlpm._prefixH,LEFT(_xlpm._optionsHeightWithPrefix,_xlpm._colPosH-1),_xlpm._optionsHeight,VALUE(RIGHT(_xlpm._optionsHeightWithPrefix,LEN(_xlpm._optionsHeightWithPrefix)-_xlpm._colPosH)),IF(_xlpm._prefix<>_xlpm._prefixH,"ERROR: Prefix list is inconsistent.","___"&_xlpm._prefix&"___"&CHAR(10)&IF(_xlpm._optionsHeight=0,"",IFERROR(_xlfn.TEXTJOIN(CHAR(10),TRUE,OFFSET(INDIRECT(_xlpm._optionsRange),0,0,_xlpm._optionsHeight,1)),"ERROR: Check the README for the correct input format")))&IF(LEN(_xlpm._optionsRanges)<=_xlpm._endOfFirstElement,"",CHAR(10)&ShowResultingOptions(RIGHT(_xlpm._optionsRanges,LEN(_xlpm._optionsRanges)-_xlpm._endOfFirstElement),RIGHT(_xlpm._optionsHeights,LEN(_xlpm._optionsHeights)-_xlpm._endOfFirstElementH))))))($I7,$J7),CHAR(10))} -> ___Yes___ Yes No | L7: {=LEFT(INDEX($K:$K,ROW()),FIND(CHAR(10),INDEX($K:$K,ROW())))&Definitions!$A$4&": Please provide a rationale:"&CHAR(10)&Definitions!$A$5&":"} -> ___Yes___ Yes: Please provide a rationale: No: | O7: {=CreateID($O$3,$O:$O,$A7<>"")} -> 4 | P7: {=CreateTaskID($P$3,$P:$P,Tasks!$B$17,$N7)} -> 0 | Q7: {=IF($M7="",FALSE,CheckRelevance(SanitizeInput($M7),Questionnaire!$AA:$AA))} -> FALSE | R7: {=CreateID($R$3,$R:$R,AND($A7<>"",$D7<>""))} -> 1
A8: QI2 | B8: Does the product process personal data? Examples: User ID, address labels | C8: 6 | D8: =IF($A8="","",IF(LEFT($A8,1)="Q","x","")) -> x | E8: {=CELL("address",Definitions!$A$4)} -> '[QuBA-libre.xlsx]Definitions'!$A$4 | F8: =ROWS(Definitions!$A$4:$A$5) -> 2 | G8: =IF($E8="","",_xlfn.TEXTJOIN(CHAR(10),TRUE,OFFSET(INDIRECT($E8),0,0,$F8,1))) -> Yes No | H8: =Definitions!$A$4&": What is the criticality of the processed data?"&CHAR(10)&Definitions!$A$5&":" -> Yes: What is the criticality of the processed data? No: | I8: {=Definitions!$A$4&": "&CELL("address",INDEX(Definitions!$H:$H,MATCH(Definitions!$E$4,Definitions!$G:$G,0)))} -> Yes: '[QuBA-libre.xlsx]Definitions'!$H$4 | J8: =Definitions!$A$4&": "&COUNTIF(Definitions!$G:$G,Definitions!$E$4) -> Yes: 3 | K8: {=RemoveDelimiter(_xlfn.LAMBDA(_xlpm._optionsRanges,_xlpm._optionsHeights,IF(_xlpm._optionsRanges="","",_xlfn.LET(_xlpm._endOfFirstElement,FIND(CHAR(10),_xlpm._optionsRanges&CHAR(10)),_xlpm._optionsRangeWithPrefix,SUBSTITUTE(LEFT(_xlpm._optionsRanges,_xlpm._endOfFirstElement-1)," ",""),_xlpm._colPos,FIND(":",_xlpm._optionsRangeWithPrefix),_xlpm._prefix,LEFT(_xlpm._optionsRangeWithPrefix,_xlpm._colPos-1),_xlpm._optionsRange,RIGHT(_xlpm._optionsRangeWithPrefix,LEN(_xlpm._optionsRangeWithPrefix)-_xlpm._colPos),_xlpm._endOfFirstElementH,FIND(CHAR(10),_xlpm._optionsHeights&CHAR(10)),_xlpm._optionsHeightWithPrefix,SUBSTITUTE(LEFT(_xlpm._optionsHeights,_xlpm._endOfFirstElementH-1)," ",""),_xlpm._colPosH,FIND(":",_xlpm._optionsHeightWithPrefix),_xlpm._prefixH,LEFT(_xlpm._optionsHeightWithPrefix,_xlpm._colPosH-1),_xlpm._optionsHeight,VALUE(RIGHT(_xlpm._optionsHeightWithPrefix,LEN(_xlpm._optionsHeightWithPrefix)-_xlpm._colPosH)),IF(_xlpm._prefix<>_xlpm._prefixH,"ERROR: Prefix list is inconsistent.","___"&_xlpm._prefix&"___"&CHAR(10)&IF(_xlpm._optionsHeight=0,"",IFERROR(_xlfn.TEXTJOIN(CHAR(10),TRUE,OFFSET(INDIRECT(_xlpm._optionsRange),0,0,_xlpm._optionsHeight,1)),"ERROR: Check the README for the correct input format")))&IF(LEN(_xlpm._optionsRanges)<=_xlpm._endOfFirstElement,"",CHAR(10)&ShowResultingOptions(RIGHT(_xlpm._optionsRanges,LEN(_xlpm._optionsRanges)-_xlpm._endOfFirstElement),RIGHT(_xlpm._optionsHeights,LEN(_xlpm._optionsHeights)-_xlpm._endOfFirstElementH))))))($I8,$J8),CHAR(10))} -> ___Yes___ Personal data (low) Personal data (significant) Personal data (ruinous) | L8: {=LEFT(INDEX($K:$K,ROW()),FIND(CHAR(10),INDEX($K:$K,ROW())))&Definitions!$H$4&": It is possible that the person affected will be negatively affected in his or her social status or economic situation (e.g., user name, business e-mail address, business phone number). Please list the affected data:"&CHAR(10)&Definitions!$H$5&": The person affected can be significantly impaired in his or her social status or economic circumstances (e.g., home address, bank account number, credit card details, private phone number, work history). Please list the affected data:"&CHAR(10)&Definitions!$H$6&": The person affected can be ruinously impaired in his social status and economic circumstances. "&"The freedom of the person concerned is threatened (e.g., health data, biometric data, racial or ethnic origin, political opinions, religious beliefs). Please list the affected data:"} -> ___Yes___ Personal data (low): It is possible that the person affected will be negatively affected in his or her social status or economic situation (e.g., user name, business e-mail address, business phone number). Please list the affected data: Personal data (significant): The person affected can be significantly impaired in his or her social status or economic circumstances (e.g., home address, bank account number, credit card details, private phone number, work history). Please list the affected data: Personal data (ruinous): The person affected can be ruinously impaired in his social status and economic circumstances. The freedom of the person concerned is threatened (e.g., health data, biometric data, racial or ethnic origin, political opinions, religious beliefs). Please list the affected data: | O8: {=CreateID($O$3,$O:$O,$A8<>"")} -> 5 | P8: {=CreateTaskID($P$3,$P:$P,Tasks!$B$17,$N8)} -> 0 | Q8: {=IF($M8="",FALSE,CheckRelevance(SanitizeInput($M8),Questionnaire!$AA:$AA))} -> FALSE | R8: {=CreateID($R$3,$R:$R,AND($A8<>"",$D8<>""))} -> 2
A9: H1.1.2 | B9: Intellectual property | C9: 3 | D9: =IF($A9="","",IF(LEFT($A9,1)="Q","x","")) | G9: =IF($E9="","",_xlfn.TEXTJOIN(CHAR(10),TRUE,OFFSET(INDIRECT($E9),0,0,$F9,1))) | K9: {=RemoveDelimiter(_xlfn.LAMBDA(_xlpm._optionsRanges,_xlpm._optionsHeights,IF(_xlpm._optionsRanges="","",_xlfn.LET(_xlpm._endOfFirstElement,FIND(CHAR(10),_xlpm._optionsRanges&CHAR(10)),_xlpm._optionsRangeWithPrefix,SUBSTITUTE(LEFT(_xlpm._optionsRanges,_xlpm._endOfFirstElement-1)," ",""),_xlpm._colPos,FIND(":",_xlpm._optionsRangeWithPrefix),_xlpm._prefix,LEFT(_xlpm._optionsRangeWithPrefix,_xlpm._colPos-1),_xlpm._optionsRange,RIGHT(_xlpm._optionsRangeWithPrefix,LEN(_xlpm._optionsRangeWithPrefix)-_xlpm._colPos),_xlpm._endOfFirstElementH,FIND(CHAR(10),_xlpm._optionsHeights&CHAR(10)),_xlpm._optionsHeightWithPrefix,SUBSTITUTE(LEFT(_xlpm._optionsHeights,_xlpm._endOfFirstElementH-1)," ",""),_xlpm._colPosH,FIND(":",_xlpm._optionsHeightWithPrefix),_xlpm._prefixH,LEFT(_xlpm._optionsHeightWithPrefix,_xlpm._colPosH-1),_xlpm._optionsHeight,VALUE(RIGHT(_xlpm._optionsHeightWithPrefix,LEN(_xlpm._optionsHeightWithPrefix)-_xlpm._colPosH)),IF(_xlpm._prefix<>_xlpm._prefixH,"ERROR: Prefix list is inconsistent.","___"&_xlpm._prefix&"___"&CHAR(10)&IF(_xlpm._optionsHeight=0,"",IFERROR(_xlfn.TEXTJOIN(CHAR(10),TRUE,OFFSET(INDIRECT(_xlpm._optionsRange),0,0,_xlpm._optionsHeight,1)),"ERROR: Check the README for the correct input format")))&IF(LEN(_xlpm._optionsRanges)<=_xlpm._endOfFirstElement,"",CHAR(10)&ShowResultingOptions(RIGHT(_xlpm._optionsRanges,LEN(_xlpm._optionsRanges)-_xlpm._endOfFirstElement),RIGHT(_xlpm._optionsHeights,LEN(_xlpm._optionsHeights)-_xlpm._endOfFirstElementH))))))($I9,$J9),CHAR(10))} | O9: {=CreateID($O$3,$O:$O,$A9<>"")} -> 6 | P9: {=CreateTaskID($P$3,$P:$P,Tasks!$B$17,$N9)} -> 0 | Q9: {=IF($M9="",FALSE,CheckRelevance(SanitizeInput($M9),Questionnaire!$AA:$AA))} -> FALSE | R9: {=CreateID($R$3,$R:$R,AND($A9<>"",$D9<>""))} -> 2
A10: QI3 | B10: ="Does the product contain "&Definitions!$C$4&" intellectual property? Note: Only IP which is part of / accessible by the firmware / software in the product is in scope of this question. Gaining access to optical and mechanical IP are not covered by this question (and the cybersecurity risk analysis)" -> Does the product contain acontis techonlogies GmbH intellectual property? Note: Only IP which is part of / accessible by the firmware / software in the product is in scope of this question. Gaining access to optical and mechanical IP are not covered by this question (and the cybersecurity risk analysis) | C10: 6 | D10: =IF($A10="","",IF(LEFT($A10,1)="Q","x","")) -> x | E10: {=CELL("address",Definitions!$A$4)} -> '[QuBA-libre.xlsx]Definitions'!$A$4 | F10: =ROWS(Definitions!$A$4:$A$5) -> 2 | G10: =IF($E10="","",_xlfn.TEXTJOIN(CHAR(10),TRUE,OFFSET(INDIRECT($E10),0,0,$F10,1))) -> Yes No | H10: =Definitions!$A$4&": What is the criticality of the intellectual property?"&CHAR(10)&Definitions!$A$5&":" -> Yes: What is the criticality of the intellectual property? No: | I10: {=Definitions!$A$4&": "&CELL("address",INDEX(Definitions!$H:$H,MATCH(Definitions!$E$5,Definitions!$G:$G,0)))} -> Yes: '[QuBA-libre.xlsx]Definitions'!$H$7 | J10: =Definitions!$A$4&": "&COUNTIF(Definitions!$G:$G,Definitions!$E$5) -> Yes: 3 | K10: {=RemoveDelimiter(_xlfn.LAMBDA(_xlpm._optionsRanges,_xlpm._optionsHeights,IF(_xlpm._optionsRanges="","",_xlfn.LET(_xlpm._endOfFirstElement,FIND(CHAR(10),_xlpm._optionsRanges&CHAR(10)),_xlpm._optionsRangeWithPrefix,SUBSTITUTE(LEFT(_xlpm._optionsRanges,_xlpm._endOfFirstElement-1)," ",""),_xlpm._colPos,FIND(":",_xlpm._optionsRangeWithPrefix),_xlpm._prefix,LEFT(_xlpm._optionsRangeWithPrefix,_xlpm._colPos-1),_xlpm._optionsRange,RIGHT(_xlpm._optionsRangeWithPrefix,LEN(_xlpm._optionsRangeWithPrefix)-_xlpm._colPos),_xlpm._endOfFirstElementH,FIND(CHAR(10),_xlpm._optionsHeights&CHAR(10)),_xlpm._optionsHeightWithPrefix,SUBSTITUTE(LEFT(_xlpm._optionsHeights,_xlpm._endOfFirstElementH-1)," ",""),_xlpm._colPosH,FIND(":",_xlpm._optionsHeightWithPrefix),_xlpm._prefixH,LEFT(_xlpm._optionsHeightWithPrefix,_xlpm._colPosH-1),_xlpm._optionsHeight,VALUE(RIGHT(_xlpm._optionsHeightWithPrefix,LEN(_xlpm._optionsHeightWithPrefix)-_xlpm._colPosH)),IF(_xlpm._prefix<>_xlpm._prefixH,"ERROR: Prefix list is inconsistent.","___"&_xlpm._prefix&"___"&CHAR(10)&IF(_xlpm._optionsHeight=0,"",IFERROR(_xlfn.TEXTJOIN(CHAR(10),TRUE,OFFSET(INDIRECT(_xlpm._optionsRange),0,0,_xlpm._optionsHeight,1)),"ERROR: Check the README for the correct input format")))&IF(LEN(_xlpm._optionsRanges)<=_xlpm._endOfFirstElement,"",CHAR(10)&ShowResultingOptions(RIGHT(_xlpm._optionsRanges,LEN(_xlpm._optionsRanges)-_xlpm._endOfFirstElement),RIGHT(_xlpm._optionsHeights,LEN(_xlpm._optionsHeights)-_xlpm._endOfFirstElementH))))))($I10,$J10),CHAR(10))} -> ___Yes___ IP (slightly innovative) IP (moderately innovative) IP (highly innovative) | L10: {=LEFT(INDEX($K:$K,ROW()),FIND(CHAR(10),INDEX($K:$K,ROW())))&RemoveDelimiter(GetValuesIgnoreErrors(SUBSTITUTE($K10,CHAR(10),",")&",",Definitions!$H:$I,": ",". Please list the affected data:"&CHAR(10),TRUE),CHAR(10))} -> ___Yes___ IP (slightly innovative): Loss of general idea how product works or low impact on markets (little innovation / very small market). Please list the affected data: IP (moderately innovative): Relevant aspects of system is comprehensible or moderate impact on markets (some innovation in the product / medium size market). Please list the affected data: IP (highly innovative): Can be copied / technology available or high impact on markets (highly innovative product / high-volume market). Please list the affected data: | O10: {=CreateID($O$3,$O:$O,$A10<>"")} -> 7 | P10: {=CreateTaskID($P$3,$P:$P,Tasks!$B$17,$N10)} -> 0 | Q10: {=IF($M10="",FALSE,CheckRelevance(SanitizeInput($M10),Questionnaire!$AA:$AA))} -> FALSE | R10: {=CreateID($R$3,$R:$R,AND($A10<>"",$D10<>""))} -> 3
A11: H1.1.3 | B11: Financial and legal | C11: 3 | D11: =IF($A11="","",IF(LEFT($A11,1)="Q","x","")) | G11: =IF($E11="","",_xlfn.TEXTJOIN(CHAR(10),TRUE,OFFSET(INDIRECT($E11),0,0,$F11,1))) | K11: {=RemoveDelimiter(_xlfn.LAMBDA(_xlpm._optionsRanges,_xlpm._optionsHeights,IF(_xlpm._optionsRanges="","",_xlfn.LET(_xlpm._endOfFirstElement,FIND(CHAR(10),_xlpm._optionsRanges&CHAR(10)),_xlpm._optionsRangeWithPrefix,SUBSTITUTE(LEFT(_xlpm._optionsRanges,_xlpm._endOfFirstElement-1)," ",""),_xlpm._colPos,FIND(":",_xlpm._optionsRangeWithPrefix),_xlpm._prefix,LEFT(_xlpm._optionsRangeWithPrefix,_xlpm._colPos-1),_xlpm._optionsRange,RIGHT(_xlpm._optionsRangeWithPrefix,LEN(_xlpm._optionsRangeWithPrefix)-_xlpm._colPos),_xlpm._endOfFirstElementH,FIND(CHAR(10),_xlpm._optionsHeights&CHAR(10)),_xlpm._optionsHeightWithPrefix,SUBSTITUTE(LEFT(_xlpm._optionsHeights,_xlpm._endOfFirstElementH-1)," ",""),_xlpm._colPosH,FIND(":",_xlpm._optionsHeightWithPrefix),_xlpm._prefixH,LEFT(_xlpm._optionsHeightWithPrefix,_xlpm._colPosH-1),_xlpm._optionsHeight,VALUE(RIGHT(_xlpm._optionsHeightWithPrefix,LEN(_xlpm._optionsHeightWithPrefix)-_xlpm._colPosH)),IF(_xlpm._prefix<>_xlpm._prefixH,"ERROR: Prefix list is inconsistent.","___"&_xlpm._prefix&"___"&CHAR(10)&IF(_xlpm._optionsHeight=0,"",IFERROR(_xlfn.TEXTJOIN(CHAR(10),TRUE,OFFSET(INDIRECT(_xlpm._optionsRange),0,0,_xlpm._optionsHeight,1)),"ERROR: Check the README for the correct input format")))&IF(LEN(_xlpm._optionsRanges)<=_xlpm._endOfFirstElement,"",CHAR(10)&ShowResultingOptions(RIGHT(_xlpm._optionsRanges,LEN(_xlpm._optionsRanges)-_xlpm._endOfFirstElement),RIGHT(_xlpm._optionsHeights,LEN(_xlpm._optionsHeights)-_xlpm._endOfFirstElementH))))))($I11,$J11),CHAR(10))} | O11: {=CreateID($O$3,$O:$O,$A11<>"")} -> 8 | P11: {=CreateTaskID($P$3,$P:$P,Tasks!$B$17,$N11)} -> 0 | Q11: {=IF($M11="",FALSE,CheckRelevance(SanitizeInput($M11),Questionnaire!$AA:$AA))} -> FALSE | R11: {=CreateID($R$3,$R:$R,AND($A11<>"",$D11<>""))} -> 3
A12: QI4 | B12: ="Is "&Definitions!$C$4&" (typically) obliged to keep the processed / stored data (including third-party IP) confidential by contract or law? (Note that this concerns individual obligations, not the standard product warranty)." -> Is acontis techonlogies GmbH (typically) obliged to keep the processed / stored data (including third-party IP) confidential by contract or law? (Note that this concerns individual obligations, not the standard product warranty). | C12: 6 | D12: =IF($A12="","",IF(LEFT($A12,1)="Q","x","")) -> x | E12: {=CELL("address",Definitions!$A$4)} -> '[QuBA-libre.xlsx]Definitions'!$A$4 | F12: =ROWS(Definitions!$A$4:$A$5) -> 2 | G12: =IF($E12="","",_xlfn.TEXTJOIN(CHAR(10),TRUE,OFFSET(INDIRECT($E12),0,0,$F12,1))) -> Yes No | H12: =Definitions!$A$4&": What is the typical / expected value of direct loss, fines for infringements of laws, or violations of contracts?"&CHAR(10)&Definitions!$A$5&":" -> Yes: What is the typical / expected value of direct loss, fines for infringements of laws, or violations of contracts? No: | I12: {=Definitions!$A$4&": "&CELL("address",INDEX(Definitions!$H:$H,MATCH(Definitions!$E$6,Definitions!$G:$G,0)))} -> Yes: '[QuBA-libre.xlsx]Definitions'!$H$10 | J12: =Definitions!$A$4&": "&COUNTIF(Definitions!$G:$G,Definitions!$E$6) -> Yes: 4 | K12: {=RemoveDelimiter(_xlfn.LAMBDA(_xlpm._optionsRanges,_xlpm._optionsHeights,IF(_xlpm._optionsRanges="","",_xlfn.LET(_xlpm._endOfFirstElement,FIND(CHAR(10),_xlpm._optionsRanges&CHAR(10)),_xlpm._optionsRangeWithPrefix,SUBSTITUTE(LEFT(_xlpm._optionsRanges,_xlpm._endOfFirstElement-1)," ",""),_xlpm._colPos,FIND(":",_xlpm._optionsRangeWithPrefix),_xlpm._prefix,LEFT(_xlpm._optionsRangeWithPrefix,_xlpm._colPos-1),_xlpm._optionsRange,RIGHT(_xlpm._optionsRangeWithPrefix,LEN(_xlpm._optionsRangeWithPrefix)-_xlpm._colPos),_xlpm._endOfFirstElementH,FIND(CHAR(10),_xlpm._optionsHeights&CHAR(10)),_xlpm._optionsHeightWithPrefix,SUBSTITUTE(LEFT(_xlpm._optionsHeights,_xlpm._endOfFirstElementH-1)," ",""),_xlpm._colPosH,FIND(":",_xlpm._optionsHeightWithPrefix),_xlpm._prefixH,LEFT(_xlpm._optionsHeightWithPrefix,_xlpm._colPosH-1),_xlpm._optionsHeight,VALUE(RIGHT(_xlpm._optionsHeightWithPrefix,LEN(_xlpm._optionsHeightWithPrefix)-_xlpm._colPosH)),IF(_xlpm._prefix<>_xlpm._prefixH,"ERROR: Prefix list is inconsistent.","___"&_xlpm._prefix&"___"&CHAR(10)&IF(_xlpm._optionsHeight=0,"",IFERROR(_xlfn.TEXTJOIN(CHAR(10),TRUE,OFFSET(INDIRECT(_xlpm._optionsRange),0,0,_xlpm._optionsHeight,1)),"ERROR: Check the README for the correct input format")))&IF(LEN(_xlpm._optionsRanges)<=_xlpm._endOfFirstElement,"",CHAR(10)&ShowResultingOptions(RIGHT(_xlpm._optionsRanges,LEN(_xlpm._optionsRanges)-_xlpm._endOfFirstElement),RIGHT(_xlpm._optionsHeights,LEN(_xlpm._optionsHeights)-_xlpm._endOfFirstElementH))))))($I12,$J12),CHAR(10))} -> ___Yes___ Low financial damage Medium financial damage High financial damage Critical financial damage | L12: {=LEFT(INDEX($K:$K,ROW()),FIND(CHAR(10),INDEX($K:$K,ROW())))&RemoveDelimiter(GetValuesIgnoreErrors(SUBSTITUTE($K12,CHAR(10),",")&",",Definitions!$H:$I,": ",". Please list the affected data:"&CHAR(10),TRUE),CHAR(10))} -> ___Yes___ Low financial damage: Direct loss, fines for infringements of laws, or violations of contracts (low volume). Please list the affected data: Medium financial damage: Direct loss, fines for infringements of laws, or violations of contracts (medium volume). Please list the affected data: High financial damage: Direct loss, fines for infringements of laws, or violations of contracts (high volume). Please list the affected data: Critical financial damage: Loss of freedom for employees, direct loss, fines for infringements of laws, or violations of contracts (critical volume). Please list the affected data: | O12: {=CreateID($O$3,$O:$O,$A12<>"")} -> 9 | P12: {=CreateTaskID($P$3,$P:$P,Tasks!$B$17,$N12)} -> 0 | Q12: {=IF($M12="",FALSE,CheckRelevance(SanitizeInput($M12),Questionnaire!$AA:$AA))} -> FALSE | R12: {=CreateID($R$3,$R:$R,AND($A12<>"",$D12<>""))} -> 4
A13: QI5 | B13: Does the product contain credentials / cryptographic keys that allow access to sensitive data or to systems in the product's operational environment? (Note: this includes cryptographic data introduced by the customer.) | C13: 6 | D13: =IF($A13="","",IF(LEFT($A13,1)="Q","x","")) -> x | E13: {=CELL("address",Definitions!$A$4)} -> '[QuBA-libre.xlsx]Definitions'!$A$4 | F13: =ROWS(Definitions!$A$4:$A$5) -> 2 | G13: =IF($E13="","",_xlfn.TEXTJOIN(CHAR(10),TRUE,OFFSET(INDIRECT($E13),0,0,$F13,1))) -> Yes No | H13: =Definitions!$A$4&": What is the worst-case criticality of the data that can be accessed with these credentials / cryptographic keys?"&CHAR(10)&Definitions!$A$5&":" -> Yes: What is the worst-case criticality of the data that can be accessed with these credentials / cryptographic keys? No: | I13: {=Definitions!$A$4&": "&CELL("address",Definitions!$H$4)} -> Yes: '[QuBA-libre.xlsx]Definitions'!$H$4 | J13: =Definitions!$A$4&": "&COUNTA(Definitions!$K:$K)-1 -> Yes: 20 | K13: {=RemoveDelimiter(_xlfn.LAMBDA(_xlpm._optionsRanges,_xlpm._optionsHeights,IF(_xlpm._optionsRanges="","",_xlfn.LET(_xlpm._endOfFirstElement,FIND(CHAR(10),_xlpm._optionsRanges&CHAR(10)),_xlpm._optionsRangeWithPrefix,SUBSTITUTE(LEFT(_xlpm._optionsRanges,_xlpm._endOfFirstElement-1)," ",""),_xlpm._colPos,FIND(":",_xlpm._optionsRangeWithPrefix),_xlpm._prefix,LEFT(_xlpm._optionsRangeWithPrefix,_xlpm._colPos-1),_xlpm._optionsRange,RIGHT(_xlpm._optionsRangeWithPrefix,LEN(_xlpm._optionsRangeWithPrefix)-_xlpm._colPos),_xlpm._endOfFirstElementH,FIND(CHAR(10),_xlpm._optionsHeights&CHAR(10)),_xlpm._optionsHeightWithPrefix,SUBSTITUTE(LEFT(_xlpm._optionsHeights,_xlpm._endOfFirstElementH-1)," ",""),_xlpm._colPosH,FIND(":",_xlpm._optionsHeightWithPrefix),_xlpm._prefixH,LEFT(_xlpm._optionsHeightWithPrefix,_xlpm._colPosH-1),_xlpm._optionsHeight,VALUE(RIGHT(_xlpm._optionsHeightWithPrefix,LEN(_xlpm._optionsHeightWithPrefix)-_xlpm._colPosH)),IF(_xlpm._prefix<>_xlpm._prefixH,"ERROR: Prefix list is inconsistent.","___"&_xlpm._prefix&"___"&CHAR(10)&IF(_xlpm._optionsHeight=0,"",IFERROR(_xlfn.TEXTJOIN(CHAR(10),TRUE,OFFSET(INDIRECT(_xlpm._optionsRange),0,0,_xlpm._optionsHeight,1)),"ERROR: Check the README for the correct input format")))&IF(LEN(_xlpm._optionsRanges)<=_xlpm._endOfFirstElement,"",CHAR(10)&ShowResultingOptions(RIGHT(_xlpm._optionsRanges,LEN(_xlpm._optionsRanges)-_xlpm._endOfFirstElement),RIGHT(_xlpm._optionsHeights,LEN(_xlpm._optionsHeights)-_xlpm._endOfFirstElementH))))))($I13,$J13),CHAR(10))} -> ___Yes___ Personal data (low) Personal data (significant) Personal data (ruinous) IP (slightly innovative) IP (moderately innovative) IP (highly innovative) Low financial damage Medium financial damage High financial damage Critical financial damage Potentially dangerous situation Light or moderate injury Severe injury (survival probable) Life-threatening injury Disturbance Service required Major disturbance Environmental damage Critical disturbance (destruction) Critical environmental damage | L13: {=LEFT(INDEX($K:$K,ROW()),FIND(CHAR(10),INDEX($K:$K,ROW())))&RemoveDelimiter(GetValuesIgnoreErrors(SUBSTITUTE($K13,CHAR(10),",")&",",Definitions!$H:$I,": ",". Please list the affected assets:"&CHAR(10),TRUE),CHAR(10))} -> ___Yes___ Personal data (low): It is possible that the person affected will be negatively affected in his or her social status or economic situation. Please list the affected assets: Personal data (significant): The person affected can be significantly impaired in his or her social status or economic circumstances. Please list the affected assets: Personal data (ruinous): The person affected can be ruinously impaired in his social status and economic circumstances. The freedom of the person concerned is threatened. Please list the affected assets: IP (slightly innovative): Loss of general idea how product works or low impact on markets (little innovation / very small market). Please list the affected assets: IP (moderately innovative): Relevant aspects of system is comprehensible or moderate impact on markets (some innovation in the product / medium size market). Please list the affected assets: IP (highly innovative): Can be copied / technology available or high impact on markets (highly innovative product / high-volume market). Please list the affected assets: Low financial damage: Direct loss, fines for infringements of laws, or violations of contracts (low volume). Please list the affected assets: Medium financial damage: Direct loss, fines for infringements of laws, or violations of contracts (medium volume). Please list the affected assets: High financial damage: Direct loss, fines for infringements of laws, or violations of contracts (high volume). Please list the affected assets: Critical financial damage: Loss of freedom for employees, direct loss, fines for infringements of laws, or violations of contracts (critical volume). Please list the affected assets: Potentially dangerous situation: Potentially dangerous situation. Please list the affected assets: Light or moderate injury: Light or moderate injury. Please list the affected assets: Severe injury (survival probable): Severe injury (survival probable). Please list the affected assets: Life-threatening injury: Life-threatening injury. Please list the affected assets: Disturbance: Minor disturbance, customer can quickly fix issue himself (e.g. reset). Please list the affected assets: Service required: Disturbance of function, service required. Please list the affected assets: Major disturbance: Major disturbance of function. Please list the affected assets: Environmental damage: Singular incident with limited environmental damage. Please list the affected assets: Critical disturbance (destruction): Destruction of plant, severe damage to assets or operational environment, critical disturbance of function. Please list the affected assets: Critical environmental damage: Environmental damages that accumulate to critical impact over time as well as critical damages that happen in a single incident. Please list the affected assets: | O13: {=CreateID($O$3,$O:$O,$A13<>"")} -> 10 | P13: {=CreateTaskID($P$3,$P:$P,Tasks!$B$17,$N13)} -> 0 | Q13: {=IF($M13="",FALSE,CheckRelevance(SanitizeInput($M13),Questionnaire!$AA:$AA))} -> FALSE | R13: {=CreateID($R$3,$R:$R,AND($A13<>"",$D13<>""))} -> 5
A14: H1.2 | B14: Worst case impact for loss of availability | C14: 0 | D14: =IF($A14="","",IF(LEFT($A14,1)="Q","x","")) | G14: =IF($E14="","",_xlfn.TEXTJOIN(CHAR(10),TRUE,OFFSET(INDIRECT($E14),0,0,$F14,1))) | K14: {=RemoveDelimiter(_xlfn.LAMBDA(_xlpm._optionsRanges,_xlpm._optionsHeights,IF(_xlpm._optionsRanges="","",_xlfn.LET(_xlpm._endOfFirstElement,FIND(CHAR(10),_xlpm._optionsRanges&CHAR(10)),_xlpm._optionsRangeWithPrefix,SUBSTITUTE(LEFT(_xlpm._optionsRanges,_xlpm._endOfFirstElement-1)," ",""),_xlpm._colPos,FIND(":",_xlpm._optionsRangeWithPrefix),_xlpm._prefix,LEFT(_xlpm._optionsRangeWithPrefix,_xlpm._colPos-1),_xlpm._optionsRange,RIGHT(_xlpm._optionsRangeWithPrefix,LEN(_xlpm._optionsRangeWithPrefix)-_xlpm._colPos),_xlpm._endOfFirstElementH,FIND(CHAR(10),_xlpm._optionsHeights&CHAR(10)),_xlpm._optionsHeightWithPrefix,SUBSTITUTE(LEFT(_xlpm._optionsHeights,_xlpm._endOfFirstElementH-1)," ",""),_xlpm._colPosH,FIND(":",_xlpm._optionsHeightWithPrefix),_xlpm._prefixH,LEFT(_xlpm._optionsHeightWithPrefix,_xlpm._colPosH-1),_xlpm._optionsHeight,VALUE(RIGHT(_xlpm._optionsHeightWithPrefix,LEN(_xlpm._optionsHeightWithPrefix)-_xlpm._colPosH)),IF(_xlpm._prefix<>_xlpm._prefixH,"ERROR: Prefix list is inconsistent.","___"&_xlpm._prefix&"___"&CHAR(10)&IF(_xlpm._optionsHeight=0,"",IFERROR(_xlfn.TEXTJOIN(CHAR(10),TRUE,OFFSET(INDIRECT(_xlpm._optionsRange),0,0,_xlpm._optionsHeight,1)),"ERROR: Check the README for the correct input format")))&IF(LEN(_xlpm._optionsRanges)<=_xlpm._endOfFirstElement,"",CHAR(10)&ShowResultingOptions(RIGHT(_xlpm._optionsRanges,LEN(_xlpm._optionsRanges)-_xlpm._endOfFirstElement),RIGHT(_xlpm._optionsHeights,LEN(_xlpm._optionsHeights)-_xlpm._endOfFirstElementH))))))($I14,$J14),CHAR(10))} | O14: {=CreateID($O$3,$O:$O,$A14<>"")} -> 11 | P14: {=CreateTaskID($P$3,$P:$P,Tasks!$B$17,$N14)} -> 0 | Q14: {=IF($M14="",FALSE,CheckRelevance(SanitizeInput($M14),Questionnaire!$AA:$AA))} -> FALSE | R14: {=CreateID($R$3,$R:$R,AND($A14<>"",$D14<>""))} -> 5
A15: H1.2.1 | B15: Safety | C15: 3 | D15: =IF($A15="","",IF(LEFT($A15,1)="Q","x","")) | G15: =IF($E15="","",_xlfn.TEXTJOIN(CHAR(10),TRUE,OFFSET(INDIRECT($E15),0,0,$F15,1))) | K15: {=RemoveDelimiter(_xlfn.LAMBDA(_xlpm._optionsRanges,_xlpm._optionsHeights,IF(_xlpm._optionsRanges="","",_xlfn.LET(_xlpm._endOfFirstElement,FIND(CHAR(10),_xlpm._optionsRanges&CHAR(10)),_xlpm._optionsRangeWithPrefix,SUBSTITUTE(LEFT(_xlpm._optionsRanges,_xlpm._endOfFirstElement-1)," ",""),_xlpm._colPos,FIND(":",_xlpm._optionsRangeWithPrefix),_xlpm._prefix,LEFT(_xlpm._optionsRangeWithPrefix,_xlpm._colPos-1),_xlpm._optionsRange,RIGHT(_xlpm._optionsRangeWithPrefix,LEN(_xlpm._optionsRangeWithPrefix)-_xlpm._colPos),_xlpm._endOfFirstElementH,FIND(CHAR(10),_xlpm._optionsHeights&CHAR(10)),_xlpm._optionsHeightWithPrefix,SUBSTITUTE(LEFT(_xlpm._optionsHeights,_xlpm._endOfFirstElementH-1)," ",""),_xlpm._colPosH,FIND(":",_xlpm._optionsHeightWithPrefix),_xlpm._prefixH,LEFT(_xlpm._optionsHeightWithPrefix,_xlpm._colPosH-1),_xlpm._optionsHeight,VALUE(RIGHT(_xlpm._optionsHeightWithPrefix,LEN(_xlpm._optionsHeightWithPrefix)-_xlpm._colPosH)),IF(_xlpm._prefix<>_xlpm._prefixH,"ERROR: Prefix list is inconsistent.","___"&_xlpm._prefix&"___"&CHAR(10)&IF(_xlpm._optionsHeight=0,"",IFERROR(_xlfn.TEXTJOIN(CHAR(10),TRUE,OFFSET(INDIRECT(_xlpm._optionsRange),0,0,_xlpm._optionsHeight,1)),"ERROR: Check the README for the correct input format")))&IF(LEN(_xlpm._optionsRanges)<=_xlpm._endOfFirstElement,"",CHAR(10)&ShowResultingOptions(RIGHT(_xlpm._optionsRanges,LEN(_xlpm._optionsRanges)-_xlpm._endOfFirstElement),RIGHT(_xlpm._optionsHeights,LEN(_xlpm._optionsHeights)-_xlpm._endOfFirstElementH))))))($I15,$J15),CHAR(10))} | O15: {=CreateID($O$3,$O:$O,$A15<>"")} -> 12 | P15: {=CreateTaskID($P$3,$P:$P,Tasks!$B$17,$N15)} -> 0 | Q15: {=IF($M15="",FALSE,CheckRelevance(SanitizeInput($M15),Questionnaire!$AA:$AA))} -> FALSE | R15: {=CreateID($R$3,$R:$R,AND($A15<>"",$D15<>""))} -> 5
A16: QI6 | B16: Can a loss of availability of the product (or its communication) endanger the health of people? (Consider how the operational environment reacts to a loss of availability of the product.) | C16: 6 | D16: =IF($A16="","",IF(LEFT($A16,1)="Q","x","")) -> x | E16: {=CELL("address",Definitions!$A$4)} -> '[QuBA-libre.xlsx]Definitions'!$A$4 | F16: =ROWS(Definitions!$A$4:$A$5) -> 2 | G16: =IF($E16="","",_xlfn.TEXTJOIN(CHAR(10),TRUE,OFFSET(INDIRECT($E16),0,0,$F16,1))) -> Yes No | H16: =Definitions!$A$4&": What is the worst case severity of the injury for the intended use of the product?"&CHAR(10)&Definitions!$A$5&":" -> Yes: What is the worst case severity of the injury for the intended use of the product? No: | I16: {=Definitions!$A$4&": "&CELL("address",INDEX(Definitions!$H:$H,MATCH(Definitions!$E$7,Definitions!$G:$G,0)))} -> Yes: '[QuBA-libre.xlsx]Definitions'!$H$14 | J16: =Definitions!$A$4&": "&COUNTIF(Definitions!$G:$G,Definitions!$E$7) -> Yes: 4 | K16: {=RemoveDelimiter(_xlfn.LAMBDA(_xlpm._optionsRanges,_xlpm._optionsHeights,IF(_xlpm._optionsRanges="","",_xlfn.LET(_xlpm._endOfFirstElement,FIND(CHAR(10),_xlpm._optionsRanges&CHAR(10)),_xlpm._optionsRangeWithPrefix,SUBSTITUTE(LEFT(_xlpm._optionsRanges,_xlpm._endOfFirstElement-1)," ",""),_xlpm._colPos,FIND(":",_xlpm._optionsRangeWithPrefix),_xlpm._prefix,LEFT(_xlpm._optionsRangeWithPrefix,_xlpm._colPos-1),_xlpm._optionsRange,RIGHT(_xlpm._optionsRangeWithPrefix,LEN(_xlpm._optionsRangeWithPrefix)-_xlpm._colPos),_xlpm._endOfFirstElementH,FIND(CHAR(10),_xlpm._optionsHeights&CHAR(10)),_xlpm._optionsHeightWithPrefix,SUBSTITUTE(LEFT(_xlpm._optionsHeights,_xlpm._endOfFirstElementH-1)," ",""),_xlpm._colPosH,FIND(":",_xlpm._optionsHeightWithPrefix),_xlpm._prefixH,LEFT(_xlpm._optionsHeightWithPrefix,_xlpm._colPosH-1),_xlpm._optionsHeight,VALUE(RIGHT(_xlpm._optionsHeightWithPrefix,LEN(_xlpm._optionsHeightWithPrefix)-_xlpm._colPosH)),IF(_xlpm._prefix<>_xlpm._prefixH,"ERROR: Prefix list is inconsistent.","___"&_xlpm._prefix&"___"&CHAR(10)&IF(_xlpm._optionsHeight=0,"",IFERROR(_xlfn.TEXTJOIN(CHAR(10),TRUE,OFFSET(INDIRECT(_xlpm._optionsRange),0,0,_xlpm._optionsHeight,1)),"ERROR: Check the README for the correct input format")))&IF(LEN(_xlpm._optionsRanges)<=_xlpm._endOfFirstElement,"",CHAR(10)&ShowResultingOptions(RIGHT(_xlpm._optionsRanges,LEN(_xlpm._optionsRanges)-_xlpm._endOfFirstElement),RIGHT(_xlpm._optionsHeights,LEN(_xlpm._optionsHeights)-_xlpm._endOfFirstElementH))))))($I16,$J16),CHAR(10))} -> ___Yes___ Potentially dangerous situation Light or moderate injury Severe injury (survival probable) Life-threatening injury | L16: {=LEFT(INDEX($K:$K,ROW()),FIND(CHAR(10),INDEX($K:$K,ROW())))&RemoveDelimiter(GetValuesIgnoreErrors(SUBSTITUTE($K16,CHAR(10),",")&",",Definitions!$H:$I,": ",". Please provide a rationale:"&CHAR(10),TRUE),CHAR(10))} -> ___Yes___ Potentially dangerous situation: Potentially dangerous situation. Please provide a rationale: Light or moderate injury: Light or moderate injury. Please provide a rationale: Severe injury (survival probable): Severe injury (survival probable). Please provide a rationale: Life-threatening injury: Life-threatening injury. Please provide a rationale: | O16: {=CreateID($O$3,$O:$O,$A16<>"")} -> 13 | P16: {=CreateTaskID($P$3,$P:$P,Tasks!$B$17,$N16)} -> 0 | Q16: {=IF($M16="",FALSE,CheckRelevance(SanitizeInput($M16),Questionnaire!$AA:$AA))} -> FALSE | R16: {=CreateID($R$3,$R:$R,AND($A16<>"",$D16<>""))} -> 6
A17: H1.2.2 | B17: Function and availability | C17: 3 | D17: =IF($A17="","",IF(LEFT($A17,1)="Q","x","")) | G17: =IF($E17="","",_xlfn.TEXTJOIN(CHAR(10),TRUE,OFFSET(INDIRECT($E17),0,0,$F17,1))) | K17: {=RemoveDelimiter(_xlfn.LAMBDA(_xlpm._optionsRanges,_xlpm._optionsHeights,IF(_xlpm._optionsRanges="","",_xlfn.LET(_xlpm._endOfFirstElement,FIND(CHAR(10),_xlpm._optionsRanges&CHAR(10)),_xlpm._optionsRangeWithPrefix,SUBSTITUTE(LEFT(_xlpm._optionsRanges,_xlpm._endOfFirstElement-1)," ",""),_xlpm._colPos,FIND(":",_xlpm._optionsRangeWithPrefix),_xlpm._prefix,LEFT(_xlpm._optionsRangeWithPrefix,_xlpm._colPos-1),_xlpm._optionsRange,RIGHT(_xlpm._optionsRangeWithPrefix,LEN(_xlpm._optionsRangeWithPrefix)-_xlpm._colPos),_xlpm._endOfFirstElementH,FIND(CHAR(10),_xlpm._optionsHeights&CHAR(10)),_xlpm._optionsHeightWithPrefix,SUBSTITUTE(LEFT(_xlpm._optionsHeights,_xlpm._endOfFirstElementH-1)," ",""),_xlpm._colPosH,FIND(":",_xlpm._optionsHeightWithPrefix),_xlpm._prefixH,LEFT(_xlpm._optionsHeightWithPrefix,_xlpm._colPosH-1),_xlpm._optionsHeight,VALUE(RIGHT(_xlpm._optionsHeightWithPrefix,LEN(_xlpm._optionsHeightWithPrefix)-_xlpm._colPosH)),IF(_xlpm._prefix<>_xlpm._prefixH,"ERROR: Prefix list is inconsistent.","___"&_xlpm._prefix&"___"&CHAR(10)&IF(_xlpm._optionsHeight=0,"",IFERROR(_xlfn.TEXTJOIN(CHAR(10),TRUE,OFFSET(INDIRECT(_xlpm._optionsRange),0,0,_xlpm._optionsHeight,1)),"ERROR: Check the README for the correct input format")))&IF(LEN(_xlpm._optionsRanges)<=_xlpm._endOfFirstElement,"",CHAR(10)&ShowResultingOptions(RIGHT(_xlpm._optionsRanges,LEN(_xlpm._optionsRanges)-_xlpm._endOfFirstElement),RIGHT(_xlpm._optionsHeights,LEN(_xlpm._optionsHeights)-_xlpm._endOfFirstElementH))))))($I17,$J17),CHAR(10))} | O17: {=CreateID($O$3,$O:$O,$A17<>"")} -> 14 | P17: {=CreateTaskID($P$3,$P:$P,Tasks!$B$17,$N17)} -> 0 | Q17: {=IF($M17="",FALSE,CheckRelevance(SanitizeInput($M17),Questionnaire!$AA:$AA))} -> FALSE | R17: {=CreateID($R$3,$R:$R,AND($A17<>"",$D17<>""))} -> 6
A18: QI7 | B18: Is the availability of the product relevant for its operational environment? | C18: 6 | D18: =IF($A18="","",IF(LEFT($A18,1)="Q","x","")) -> x | E18: {=CELL("address",Definitions!$A$4)} -> '[QuBA-libre.xlsx]Definitions'!$A$4 | F18: =ROWS(Definitions!$A$4:$A$5) -> 2 | G18: =IF($E18="","",_xlfn.TEXTJOIN(CHAR(10),TRUE,OFFSET(INDIRECT($E18),0,0,$F18,1))) -> Yes No | H18: =Definitions!$A$4&": What is the worst case effect on the operational environment for the intended use of the product?"&CHAR(10)&Definitions!$A$5&":" -> Yes: What is the worst case effect on the operational environment for the intended use of the product? No: | I18: {=Definitions!$A$4&": "&CELL("address",INDEX(Definitions!$H:$H,MATCH(Definitions!$E$8,Definitions!$G:$G,0)))} -> Yes: '[QuBA-libre.xlsx]Definitions'!$H$18 | J18: =Definitions!$A$4&": "&COUNTIF(Definitions!$G:$G,Definitions!$E$8) -> Yes: 6 | K18: {=RemoveDelimiter(_xlfn.LAMBDA(_xlpm._optionsRanges,_xlpm._optionsHeights,IF(_xlpm._optionsRanges="","",_xlfn.LET(_xlpm._endOfFirstElement,FIND(CHAR(10),_xlpm._optionsRanges&CHAR(10)),_xlpm._optionsRangeWithPrefix,SUBSTITUTE(LEFT(_xlpm._optionsRanges,_xlpm._endOfFirstElement-1)," ",""),_xlpm._colPos,FIND(":",_xlpm._optionsRangeWithPrefix),_xlpm._prefix,LEFT(_xlpm._optionsRangeWithPrefix,_xlpm._colPos-1),_xlpm._optionsRange,RIGHT(_xlpm._optionsRangeWithPrefix,LEN(_xlpm._optionsRangeWithPrefix)-_xlpm._colPos),_xlpm._endOfFirstElementH,FIND(CHAR(10),_xlpm._optionsHeights&CHAR(10)),_xlpm._optionsHeightWithPrefix,SUBSTITUTE(LEFT(_xlpm._optionsHeights,_xlpm._endOfFirstElementH-1)," ",""),_xlpm._colPosH,FIND(":",_xlpm._optionsHeightWithPrefix),_xlpm._prefixH,LEFT(_xlpm._optionsHeightWithPrefix,_xlpm._colPosH-1),_xlpm._optionsHeight,VALUE(RIGHT(_xlpm._optionsHeightWithPrefix,LEN(_xlpm._optionsHeightWithPrefix)-_xlpm._colPosH)),IF(_xlpm._prefix<>_xlpm._prefixH,"ERROR: Prefix list is inconsistent.","___"&_xlpm._prefix&"___"&CHAR(10)&IF(_xlpm._optionsHeight=0,"",IFERROR(_xlfn.TEXTJOIN(CHAR(10),TRUE,OFFSET(INDIRECT(_xlpm._optionsRange),0,0,_xlpm._optionsHeight,1)),"ERROR: Check the README for the correct input format")))&IF(LEN(_xlpm._optionsRanges)<=_xlpm._endOfFirstElement,"",CHAR(10)&ShowResultingOptions(RIGHT(_xlpm._optionsRanges,LEN(_xlpm._optionsRanges)-_xlpm._endOfFirstElement),RIGHT(_xlpm._optionsHeights,LEN(_xlpm._optionsHeights)-_xlpm._endOfFirstElementH))))))($I18,$J18),CHAR(10))} -> ___Yes___ Disturbance Service required Major disturbance Environmental damage Critical disturbance (destruction) Critical environmental damage | L18: {=LEFT(INDEX($K:$K,ROW()),FIND(CHAR(10),INDEX($K:$K,ROW())))&RemoveDelimiter(GetValuesIgnoreErrors(SUBSTITUTE($K18,CHAR(10),",")&",",Definitions!$H:$I,": ",". Please explain the expected effects:"&CHAR(10),TRUE),CHAR(10))} -> ___Yes___ Disturbance: Minor disturbance, customer can quickly fix issue himself (e.g. reset). Please explain the expected effects: Service required: Disturbance of function, service required. Please explain the expected effects: Major disturbance: Major disturbance of function. Please explain the expected effects: Environmental damage: Singular incident with limited environmental damage. Please explain the expected effects: Critical disturbance (destruction): Destruction of plant, severe damage to assets or operational environment, critical disturbance of function. Please explain the expected effects: Critical environmental damage: Environmental damages that accumulate to critical impact over time as well as critical damages that happen in a single incident. Please explain the expected effects: | O18: {=CreateID($O$3,$O:$O,$A18<>"")} -> 15 | P18: {=CreateTaskID($P$3,$P:$P,Tasks!$B$17,$N18)} -> 0 | Q18: {=IF($M18="",FALSE,CheckRelevance(SanitizeInput($M18),Questionnaire!$AA:$AA))} -> FALSE | R18: {=CreateID($R$3,$R:$R,AND($A18<>"",$D18<>""))} -> 7
A19: H1.2.3 | B19: Financial and legal | C19: 3 | D19: =IF($A19="","",IF(LEFT($A19,1)="Q","x","")) | G19: =IF($E19="","",_xlfn.TEXTJOIN(CHAR(10),TRUE,OFFSET(INDIRECT($E19),0,0,$F19,1))) | K19: {=RemoveDelimiter(_xlfn.LAMBDA(_xlpm._optionsRanges,_xlpm._optionsHeights,IF(_xlpm._optionsRanges="","",_xlfn.LET(_xlpm._endOfFirstElement,FIND(CHAR(10),_xlpm._optionsRanges&CHAR(10)),_xlpm._optionsRangeWithPrefix,SUBSTITUTE(LEFT(_xlpm._optionsRanges,_xlpm._endOfFirstElement-1)," ",""),_xlpm._colPos,FIND(":",_xlpm._optionsRangeWithPrefix),_xlpm._prefix,LEFT(_xlpm._optionsRangeWithPrefix,_xlpm._colPos-1),_xlpm._optionsRange,RIGHT(_xlpm._optionsRangeWithPrefix,LEN(_xlpm._optionsRangeWithPrefix)-_xlpm._colPos),_xlpm._endOfFirstElementH,FIND(CHAR(10),_xlpm._optionsHeights&CHAR(10)),_xlpm._optionsHeightWithPrefix,SUBSTITUTE(LEFT(_xlpm._optionsHeights,_xlpm._endOfFirstElementH-1)," ",""),_xlpm._colPosH,FIND(":",_xlpm._optionsHeightWithPrefix),_xlpm._prefixH,LEFT(_xlpm._optionsHeightWithPrefix,_xlpm._colPosH-1),_xlpm._optionsHeight,VALUE(RIGHT(_xlpm._optionsHeightWithPrefix,LEN(_xlpm._optionsHeightWithPrefix)-_xlpm._colPosH)),IF(_xlpm._prefix<>_xlpm._prefixH,"ERROR: Prefix list is inconsistent.","___"&_xlpm._prefix&"___"&CHAR(10)&IF(_xlpm._optionsHeight=0,"",IFERROR(_xlfn.TEXTJOIN(CHAR(10),TRUE,OFFSET(INDIRECT(_xlpm._optionsRange),0,0,_xlpm._optionsHeight,1)),"ERROR: Check the README for the correct input format")))&IF(LEN(_xlpm._optionsRanges)<=_xlpm._endOfFirstElement,"",CHAR(10)&ShowResultingOptions(RIGHT(_xlpm._optionsRanges,LEN(_xlpm._optionsRanges)-_xlpm._endOfFirstElement),RIGHT(_xlpm._optionsHeights,LEN(_xlpm._optionsHeights)-_xlpm._endOfFirstElementH))))))($I19,$J19),CHAR(10))} | O19: {=CreateID($O$3,$O:$O,$A19<>"")} -> 16 | P19: {=CreateTaskID($P$3,$P:$P,Tasks!$B$17,$N19)} -> 0 | Q19: {=IF($M19="",FALSE,CheckRelevance(SanitizeInput($M19),Questionnaire!$AA:$AA))} -> FALSE | R19: {=CreateID($R$3,$R:$R,AND($A19<>"",$D19<>""))} -> 7
A20: QI8 | B20: ="Can a loss of availability allow an attacker access to assets of the customer (including physical access not detected by the "&Definitions!$C$4&" product)? Example: The product is used for access control." -> Can a loss of availability allow an attacker access to assets of the customer (including physical access not detected by the acontis techonlogies GmbH product)? Example: The product is used for access control. | C20: 6 | D20: =IF($A20="","",IF(LEFT($A20,1)="Q","x","")) -> x | E20: {=CELL("address",Definitions!$A$4)} -> '[QuBA-libre.xlsx]Definitions'!$A$4 | F20: =ROWS(Definitions!$A$4:$A$5) -> 2 | G20: =IF($E20="","",_xlfn.TEXTJOIN(CHAR(10),TRUE,OFFSET(INDIRECT($E20),0,0,$F20,1))) -> Yes No | H20: =Definitions!$A$4&": What is the worst case value of these assets for the intended use of the product?"&CHAR(10)&Definitions!$A$5&":" -> Yes: What is the worst case value of these assets for the intended use of the product? No: | I20: {=Definitions!$A$4&": "&CELL("address",INDEX(Definitions!$H:$H,MATCH(Definitions!$E$6,Definitions!$G:$G,0)))} -> Yes: '[QuBA-libre.xlsx]Definitions'!$H$10 | J20: =Definitions!$A$4&": "&COUNTIF(Definitions!$G:$G,Definitions!$E$6) -> Yes: 4 | K20: {=RemoveDelimiter(_xlfn.LAMBDA(_xlpm._optionsRanges,_xlpm._optionsHeights,IF(_xlpm._optionsRanges="","",_xlfn.LET(_xlpm._endOfFirstElement,FIND(CHAR(10),_xlpm._optionsRanges&CHAR(10)),_xlpm._optionsRangeWithPrefix,SUBSTITUTE(LEFT(_xlpm._optionsRanges,_xlpm._endOfFirstElement-1)," ",""),_xlpm._colPos,FIND(":",_xlpm._optionsRangeWithPrefix),_xlpm._prefix,LEFT(_xlpm._optionsRangeWithPrefix,_xlpm._colPos-1),_xlpm._optionsRange,RIGHT(_xlpm._optionsRangeWithPrefix,LEN(_xlpm._optionsRangeWithPrefix)-_xlpm._colPos),_xlpm._endOfFirstElementH,FIND(CHAR(10),_xlpm._optionsHeights&CHAR(10)),_xlpm._optionsHeightWithPrefix,SUBSTITUTE(LEFT(_xlpm._optionsHeights,_xlpm._endOfFirstElementH-1)," ",""),_xlpm._colPosH,FIND(":",_xlpm._optionsHeightWithPrefix),_xlpm._prefixH,LEFT(_xlpm._optionsHeightWithPrefix,_xlpm._colPosH-1),_xlpm._optionsHeight,VALUE(RIGHT(_xlpm._optionsHeightWithPrefix,LEN(_xlpm._optionsHeightWithPrefix)-_xlpm._colPosH)),IF(_xlpm._prefix<>_xlpm._prefixH,"ERROR: Prefix list is inconsistent.","___"&_xlpm._prefix&"___"&CHAR(10)&IF(_xlpm._optionsHeight=0,"",IFERROR(_xlfn.TEXTJOIN(CHAR(10),TRUE,OFFSET(INDIRECT(_xlpm._optionsRange),0,0,_xlpm._optionsHeight,1)),"ERROR: Check the README for the correct input format")))&IF(LEN(_xlpm._optionsRanges)<=_xlpm._endOfFirstElement,"",CHAR(10)&ShowResultingOptions(RIGHT(_xlpm._optionsRanges,LEN(_xlpm._optionsRanges)-_xlpm._endOfFirstElement),RIGHT(_xlpm._optionsHeights,LEN(_xlpm._optionsHeights)-_xlpm._endOfFirstElementH))))))($I20,$J20),CHAR(10))} -> ___Yes___ Low financial damage Medium financial damage High financial damage Critical financial damage | L20: {=LEFT(INDEX($K:$K,ROW()),FIND(CHAR(10),INDEX($K:$K,ROW())))&RemoveDelimiter(GetValuesIgnoreErrors(SUBSTITUTE($K20,CHAR(10),",")&",",Definitions!$H:$I,": ",". Please characterize the affected assets:"&CHAR(10),TRUE),CHAR(10))} -> ___Yes___ Low financial damage: Direct loss, fines for infringements of laws, or violations of contracts (low volume). Please characterize the affected assets: Medium financial damage: Direct loss, fines for infringements of laws, or violations of contracts (medium volume). Please characterize the affected assets: High financial damage: Direct loss, fines for infringements of laws, or violations of contracts (high volume). Please characterize the affected assets: Critical financial damage: Loss of freedom for employees, direct loss, fines for infringements of laws, or violations of contracts (critical volume). Please characterize the affected assets: | O20: {=CreateID($O$3,$O:$O,$A20<>"")} -> 17 | P20: {=CreateTaskID($P$3,$P:$P,Tasks!$B$17,$N20)} -> 0 | Q20: {=IF($M20="",FALSE,CheckRelevance(SanitizeInput($M20),Questionnaire!$AA:$AA))} -> FALSE | R20: {=CreateID($R$3,$R:$R,AND($A20<>"",$D20<>""))} -> 8
A21: QI9 | B21: Can a loss of availability cause contract-related fines (e.g., based on a service level agreement)? | C21: 6 | D21: =IF($A21="","",IF(LEFT($A21,1)="Q","x","")) -> x | E21: {=CELL("address",Definitions!$A$4)} -> '[QuBA-libre.xlsx]Definitions'!$A$4 | F21: =ROWS(Definitions!$A$4:$A$5) -> 2 | G21: =IF($E21="","",_xlfn.TEXTJOIN(CHAR(10),TRUE,OFFSET(INDIRECT($E21),0,0,$F21,1))) -> Yes No | H21: =Definitions!$A$4&": What is the typical / expected value of the fines for contract violation?"&CHAR(10)&Definitions!$A$5&":" -> Yes: What is the typical / expected value of the fines for contract violation? No: | I21: {=Definitions!$A$4&": "&CELL("address",INDEX(Definitions!$H:$H,MATCH(Definitions!$E$6,Definitions!$G:$G,0)))} -> Yes: '[QuBA-libre.xlsx]Definitions'!$H$10 | J21: =Definitions!$A$4&": "&COUNTIF(Definitions!$G:$G,Definitions!$E$6) -> Yes: 4 | K21: {=RemoveDelimiter(_xlfn.LAMBDA(_xlpm._optionsRanges,_xlpm._optionsHeights,IF(_xlpm._optionsRanges="","",_xlfn.LET(_xlpm._endOfFirstElement,FIND(CHAR(10),_xlpm._optionsRanges&CHAR(10)),_xlpm._optionsRangeWithPrefix,SUBSTITUTE(LEFT(_xlpm._optionsRanges,_xlpm._endOfFirstElement-1)," ",""),_xlpm._colPos,FIND(":",_xlpm._optionsRangeWithPrefix),_xlpm._prefix,LEFT(_xlpm._optionsRangeWithPrefix,_xlpm._colPos-1),_xlpm._optionsRange,RIGHT(_xlpm._optionsRangeWithPrefix,LEN(_xlpm._optionsRangeWithPrefix)-_xlpm._colPos),_xlpm._endOfFirstElementH,FIND(CHAR(10),_xlpm._optionsHeights&CHAR(10)),_xlpm._optionsHeightWithPrefix,SUBSTITUTE(LEFT(_xlpm._optionsHeights,_xlpm._endOfFirstElementH-1)," ",""),_xlpm._colPosH,FIND(":",_xlpm._optionsHeightWithPrefix),_xlpm._prefixH,LEFT(_xlpm._optionsHeightWithPrefix,_xlpm._colPosH-1),_xlpm._optionsHeight,VALUE(RIGHT(_xlpm._optionsHeightWithPrefix,LEN(_xlpm._optionsHeightWithPrefix)-_xlpm._colPosH)),IF(_xlpm._prefix<>_xlpm._prefixH,"ERROR: Prefix list is inconsistent.","___"&_xlpm._prefix&"___"&CHAR(10)&IF(_xlpm._optionsHeight=0,"",IFERROR(_xlfn.TEXTJOIN(CHAR(10),TRUE,OFFSET(INDIRECT(_xlpm._optionsRange),0,0,_xlpm._optionsHeight,1)),"ERROR: Check the README for the correct input format")))&IF(LEN(_xlpm._optionsRanges)<=_xlpm._endOfFirstElement,"",CHAR(10)&ShowResultingOptions(RIGHT(_xlpm._optionsRanges,LEN(_xlpm._optionsRanges)-_xlpm._endOfFirstElement),RIGHT(_xlpm._optionsHeights,LEN(_xlpm._optionsHeights)-_xlpm._endOfFirstElementH))))))($I21,$J21),CHAR(10))} -> ___Yes___ Low financial damage Medium financial damage High financial damage Critical financial damage | L21: {=LEFT(INDEX($K:$K,ROW()),FIND(CHAR(10),INDEX($K:$K,ROW())))&RemoveDelimiter(GetValuesIgnoreErrors(SUBSTITUTE($K21,CHAR(10),",")&",",Definitions!$H:$I,": ",". Please describe the reason of the contract violation:"&CHAR(10),TRUE),CHAR(10))} -> ___Yes___ Low financial damage: Direct loss, fines for infringements of laws, or violations of contracts (low volume). Please describe the reason of the contract violation: Medium financial damage: Direct loss, fines for infringements of laws, or violations of contracts (medium volume). Please describe the reason of the contract violation: High financial damage: Direct loss, fines for infringements of laws, or violations of contracts (high volume). Please describe the reason of the contract violation: Critical financial damage: Loss of freedom for employees, direct loss, fines for infringements of laws, or violations of contracts (critical volume). Please describe the reason of the contract violation: | O21: {=CreateID($O$3,$O:$O,$A21<>"")} -> 18 | P21: {=CreateTaskID($P$3,$P:$P,Tasks!$B$17,$N21)} -> 0 | Q21: {=IF($M21="",FALSE,CheckRelevance(SanitizeInput($M21),Questionnaire!$AA:$AA))} -> FALSE | R21: {=CreateID($R$3,$R:$R,AND($A21<>"",$D21<>""))} -> 9
A22: H1.3 | B22: Worst case impact for loss of integrity | C22: 0 | D22: =IF($A22="","",IF(LEFT($A22,1)="Q","x","")) | G22: =IF($E22="","",_xlfn.TEXTJOIN(CHAR(10),TRUE,OFFSET(INDIRECT($E22),0,0,$F22,1))) | K22: {=RemoveDelimiter(_xlfn.LAMBDA(_xlpm._optionsRanges,_xlpm._optionsHeights,IF(_xlpm._optionsRanges="","",_xlfn.LET(_xlpm._endOfFirstElement,FIND(CHAR(10),_xlpm._optionsRanges&CHAR(10)),_xlpm._optionsRangeWithPrefix,SUBSTITUTE(LEFT(_xlpm._optionsRanges,_xlpm._endOfFirstElement-1)," ",""),_xlpm._colPos,FIND(":",_xlpm._optionsRangeWithPrefix),_xlpm._prefix,LEFT(_xlpm._optionsRangeWithPrefix,_xlpm._colPos-1),_xlpm._optionsRange,RIGHT(_xlpm._optionsRangeWithPrefix,LEN(_xlpm._optionsRangeWithPrefix)-_xlpm._colPos),_xlpm._endOfFirstElementH,FIND(CHAR(10),_xlpm._optionsHeights&CHAR(10)),_xlpm._optionsHeightWithPrefix,SUBSTITUTE(LEFT(_xlpm._optionsHeights,_xlpm._endOfFirstElementH-1)," ",""),_xlpm._colPosH,FIND(":",_xlpm._optionsHeightWithPrefix),_xlpm._prefixH,LEFT(_xlpm._optionsHeightWithPrefix,_xlpm._colPosH-1),_xlpm._optionsHeight,VALUE(RIGHT(_xlpm._optionsHeightWithPrefix,LEN(_xlpm._optionsHeightWithPrefix)-_xlpm._colPosH)),IF(_xlpm._prefix<>_xlpm._prefixH,"ERROR: Prefix list is inconsistent.","___"&_xlpm._prefix&"___"&CHAR(10)&IF(_xlpm._optionsHeight=0,"",IFERROR(_xlfn.TEXTJOIN(CHAR(10),TRUE,OFFSET(INDIRECT(_xlpm._optionsRange),0,0,_xlpm._optionsHeight,1)),"ERROR: Check the README for the correct input format")))&IF(LEN(_xlpm._optionsRanges)<=_xlpm._endOfFirstElement,"",CHAR(10)&ShowResultingOptions(RIGHT(_xlpm._optionsRanges,LEN(_xlpm._optionsRanges)-_xlpm._endOfFirstElement),RIGHT(_xlpm._optionsHeights,LEN(_xlpm._optionsHeights)-_xlpm._endOfFirstElementH))))))($I22,$J22),CHAR(10))} | O22: {=CreateID($O$3,$O:$O,$A22<>"")} -> 19 | P22: {=CreateTaskID($P$3,$P:$P,Tasks!$B$17,$N22)} -> 0 | Q22: {=IF($M22="",FALSE,CheckRelevance(SanitizeInput($M22),Questionnaire!$AA:$AA))} -> FALSE | R22: {=CreateID($R$3,$R:$R,AND($A22<>"",$D22<>""))} -> 9
A23: H1.3.1 | B23: Safety | C23: 3 | D23: =IF($A23="","",IF(LEFT($A23,1)="Q","x","")) | G23: =IF($E23="","",_xlfn.TEXTJOIN(CHAR(10),TRUE,OFFSET(INDIRECT($E23),0,0,$F23,1))) | K23: {=RemoveDelimiter(_xlfn.LAMBDA(_xlpm._optionsRanges,_xlpm._optionsHeights,IF(_xlpm._optionsRanges="","",_xlfn.LET(_xlpm._endOfFirstElement,FIND(CHAR(10),_xlpm._optionsRanges&CHAR(10)),_xlpm._optionsRangeWithPrefix,SUBSTITUTE(LEFT(_xlpm._optionsRanges,_xlpm._endOfFirstElement-1)," ",""),_xlpm._colPos,FIND(":",_xlpm._optionsRangeWithPrefix),_xlpm._prefix,LEFT(_xlpm._optionsRangeWithPrefix,_xlpm._colPos-1),_xlpm._optionsRange,RIGHT(_xlpm._optionsRangeWithPrefix,LEN(_xlpm._optionsRangeWithPrefix)-_xlpm._colPos),_xlpm._endOfFirstElementH,FIND(CHAR(10),_xlpm._optionsHeights&CHAR(10)),_xlpm._optionsHeightWithPrefix,SUBSTITUTE(LEFT(_xlpm._optionsHeights,_xlpm._endOfFirstElementH-1)," ",""),_xlpm._colPosH,FIND(":",_xlpm._optionsHeightWithPrefix),_xlpm._prefixH,LEFT(_xlpm._optionsHeightWithPrefix,_xlpm._colPosH-1),_xlpm._optionsHeight,VALUE(RIGHT(_xlpm._optionsHeightWithPrefix,LEN(_xlpm._optionsHeightWithPrefix)-_xlpm._colPosH)),IF(_xlpm._prefix<>_xlpm._prefixH,"ERROR: Prefix list is inconsistent.","___"&_xlpm._prefix&"___"&CHAR(10)&IF(_xlpm._optionsHeight=0,"",IFERROR(_xlfn.TEXTJOIN(CHAR(10),TRUE,OFFSET(INDIRECT(_xlpm._optionsRange),0,0,_xlpm._optionsHeight,1)),"ERROR: Check the README for the correct input format")))&IF(LEN(_xlpm._optionsRanges)<=_xlpm._endOfFirstElement,"",CHAR(10)&ShowResultingOptions(RIGHT(_xlpm._optionsRanges,LEN(_xlpm._optionsRanges)-_xlpm._endOfFirstElement),RIGHT(_xlpm._optionsHeights,LEN(_xlpm._optionsHeights)-_xlpm._endOfFirstElementH))))))($I23,$J23),CHAR(10))} | O23: {=CreateID($O$3,$O:$O,$A23<>"")} -> 20 | P23: {=CreateTaskID($P$3,$P:$P,Tasks!$B$17,$N23)} -> 0 | Q23: {=IF($M23="",FALSE,CheckRelevance(SanitizeInput($M23),Questionnaire!$AA:$AA))} -> FALSE | R23: {=CreateID($R$3,$R:$R,AND($A23<>"",$D23<>""))} -> 9
A24: QI10 | B24: Can a manipulated product (or its communication) endanger the health of people? Also consider cases where the product is used against its intended use or misconfigured! | C24: 6 | D24: =IF($A24="","",IF(LEFT($A24,1)="Q","x","")) -> x | E24: {=CELL("address",Definitions!$A$4)} -> '[QuBA-libre.xlsx]Definitions'!$A$4 | F24: =ROWS(Definitions!$A$4:$A$5) -> 2 | G24: =IF($E24="","",_xlfn.TEXTJOIN(CHAR(10),TRUE,OFFSET(INDIRECT($E24),0,0,$F24,1))) -> Yes No | H24: =Definitions!$A$4&": What is the worst case severity of the injury for the intended use of the product?"&CHAR(10)&Definitions!$A$5&":" -> Yes: What is the worst case severity of the injury for the intended use of the product? No: | I24: {=Definitions!$A$4&": "&CELL("address",INDEX(Definitions!$H:$H,MATCH(Definitions!$E$7,Definitions!$G:$G,0)))} -> Yes: '[QuBA-libre.xlsx]Definitions'!$H$14 | J24: =Definitions!$A$4&": "&COUNTIF(Definitions!$G:$G,Definitions!$E$7) -> Yes: 4 | K24: {=RemoveDelimiter(_xlfn.LAMBDA(_xlpm._optionsRanges,_xlpm._optionsHeights,IF(_xlpm._optionsRanges="","",_xlfn.LET(_xlpm._endOfFirstElement,FIND(CHAR(10),_xlpm._optionsRanges&CHAR(10)),_xlpm._optionsRangeWithPrefix,SUBSTITUTE(LEFT(_xlpm._optionsRanges,_xlpm._endOfFirstElement-1)," ",""),_xlpm._colPos,FIND(":",_xlpm._optionsRangeWithPrefix),_xlpm._prefix,LEFT(_xlpm._optionsRangeWithPrefix,_xlpm._colPos-1),_xlpm._optionsRange,RIGHT(_xlpm._optionsRangeWithPrefix,LEN(_xlpm._optionsRangeWithPrefix)-_xlpm._colPos),_xlpm._endOfFirstElementH,FIND(CHAR(10),_xlpm._optionsHeights&CHAR(10)),_xlpm._optionsHeightWithPrefix,SUBSTITUTE(LEFT(_xlpm._optionsHeights,_xlpm._endOfFirstElementH-1)," ",""),_xlpm._colPosH,FIND(":",_xlpm._optionsHeightWithPrefix),_xlpm._prefixH,LEFT(_xlpm._optionsHeightWithPrefix,_xlpm._colPosH-1),_xlpm._optionsHeight,VALUE(RIGHT(_xlpm._optionsHeightWithPrefix,LEN(_xlpm._optionsHeightWithPrefix)-_xlpm._colPosH)),IF(_xlpm._prefix<>_xlpm._prefixH,"ERROR: Prefix list is inconsistent.","___"&_xlpm._prefix&"___"&CHAR(10)&IF(_xlpm._optionsHeight=0,"",IFERROR(_xlfn.TEXTJOIN(CHAR(10),TRUE,OFFSET(INDIRECT(_xlpm._optionsRange),0,0,_xlpm._optionsHeight,1)),"ERROR: Check the README for the correct input format")))&IF(LEN(_xlpm._optionsRanges)<=_xlpm._endOfFirstElement,"",CHAR(10)&ShowResultingOptions(RIGHT(_xlpm._optionsRanges,LEN(_xlpm._optionsRanges)-_xlpm._endOfFirstElement),RIGHT(_xlpm._optionsHeights,LEN(_xlpm._optionsHeights)-_xlpm._endOfFirstElementH))))))($I24,$J24),CHAR(10))} -> ___Yes___ Potentially dangerous situation Light or moderate injury Severe injury (survival probable) Life-threatening injury | L24: {=LEFT(INDEX($K:$K,ROW()),FIND(CHAR(10),INDEX($K:$K,ROW())))&RemoveDelimiter(GetValuesIgnoreErrors(SUBSTITUTE($K24,CHAR(10),",")&",",Definitions!$H:$I,": ",". Please provide a rationale:"&CHAR(10),TRUE),CHAR(10))} -> ___Yes___ Potentially dangerous situation: Potentially dangerous situation. Please provide a rationale: Light or moderate injury: Light or moderate injury. Please provide a rationale: Severe injury (survival probable): Severe injury (survival probable). Please provide a rationale: Life-threatening injury: Life-threatening injury. Please provide a rationale: | O24: {=CreateID($O$3,$O:$O,$A24<>"")} -> 21 | P24: {=CreateTaskID($P$3,$P:$P,Tasks!$B$17,$N24)} -> 0 | Q24: {=IF($M24="",FALSE,CheckRelevance(SanitizeInput($M24),Questionnaire!$AA:$AA))} -> FALSE | R24: {=CreateID($R$3,$R:$R,AND($A24<>"",$D24<>""))} -> 10
A25: H1.3.2 | B25: Personal data / IP | C25: 3 | D25: =IF($A25="","",IF(LEFT($A25,1)="Q","x","")) | G25: =IF($E25="","",_xlfn.TEXTJOIN(CHAR(10),TRUE,OFFSET(INDIRECT($E25),0,0,$F25,1))) | K25: {=RemoveDelimiter(_xlfn.LAMBDA(_xlpm._optionsRanges,_xlpm._optionsHeights,IF(_xlpm._optionsRanges="","",_xlfn.LET(_xlpm._endOfFirstElement,FIND(CHAR(10),_xlpm._optionsRanges&CHAR(10)),_xlpm._optionsRangeWithPrefix,SUBSTITUTE(LEFT(_xlpm._optionsRanges,_xlpm._endOfFirstElement-1)," ",""),_xlpm._colPos,FIND(":",_xlpm._optionsRangeWithPrefix),_xlpm._prefix,LEFT(_xlpm._optionsRangeWithPrefix,_xlpm._colPos-1),_xlpm._optionsRange,RIGHT(_xlpm._optionsRangeWithPrefix,LEN(_xlpm._optionsRangeWithPrefix)-_xlpm._colPos),_xlpm._endOfFirstElementH,FIND(CHAR(10),_xlpm._optionsHeights&CHAR(10)),_xlpm._optionsHeightWithPrefix,SUBSTITUTE(LEFT(_xlpm._optionsHeights,_xlpm._endOfFirstElementH-1)," ",""),_xlpm._colPosH,FIND(":",_xlpm._optionsHeightWithPrefix),_xlpm._prefixH,LEFT(_xlpm._optionsHeightWithPrefix,_xlpm._colPosH-1),_xlpm._optionsHeight,VALUE(RIGHT(_xlpm._optionsHeightWithPrefix,LEN(_xlpm._optionsHeightWithPrefix)-_xlpm._colPosH)),IF(_xlpm._prefix<>_xlpm._prefixH,"ERROR: Prefix list is inconsistent.","___"&_xlpm._prefix&"___"&CHAR(10)&IF(_xlpm._optionsHeight=0,"",IFERROR(_xlfn.TEXTJOIN(CHAR(10),TRUE,OFFSET(INDIRECT(_xlpm._optionsRange),0,0,_xlpm._optionsHeight,1)),"ERROR: Check the README for the correct input format")))&IF(LEN(_xlpm._optionsRanges)<=_xlpm._endOfFirstElement,"",CHAR(10)&ShowResultingOptions(RIGHT(_xlpm._optionsRanges,LEN(_xlpm._optionsRanges)-_xlpm._endOfFirstElement),RIGHT(_xlpm._optionsHeights,LEN(_xlpm._optionsHeights)-_xlpm._endOfFirstElementH))))))($I25,$J25),CHAR(10))} | O25: {=CreateID($O$3,$O:$O,$A25<>"")} -> 22 | P25: {=CreateTaskID($P$3,$P:$P,Tasks!$B$17,$N25)} -> 0 | Q25: {=IF($M25="",FALSE,CheckRelevance(SanitizeInput($M25),Questionnaire!$AA:$AA))} -> FALSE | R25: {=CreateID($R$3,$R:$R,AND($A25<>"",$D25<>""))} -> 10
A26: QI11 | B26: Can a manipulated product disclose personal data to an attacker? Also consider cases where the product is used against its intended use or misconfigured! | C26: 6 | D26: =IF($A26="","",IF(LEFT($A26,1)="Q","x","")) -> x | E26: {=CELL("address",Definitions!$A$4)} -> '[QuBA-libre.xlsx]Definitions'!$A$4 | F26: =ROWS(Definitions!$A$4:$A$5) -> 2 | G26: =IF($E26="","",_xlfn.TEXTJOIN(CHAR(10),TRUE,OFFSET(INDIRECT($E26),0,0,$F26,1))) -> Yes No | H26: =Definitions!$A$4&": What is the criticality of the disclosed data?"&CHAR(10)&Definitions!$A$5&":" -> Yes: What is the criticality of the disclosed data? No: | I26: {=Definitions!$A$4&": "&CELL("address",INDEX(Definitions!$H:$H,MATCH(Definitions!$E$4,Definitions!$G:$G,0)))} -> Yes: '[QuBA-libre.xlsx]Definitions'!$H$4 | J26: =Definitions!$A$4&": "&COUNTIF(Definitions!$G:$G,Definitions!$E$4) -> Yes: 3 | K26: {=RemoveDelimiter(_xlfn.LAMBDA(_xlpm._optionsRanges,_xlpm._optionsHeights,IF(_xlpm._optionsRanges="","",_xlfn.LET(_xlpm._endOfFirstElement,FIND(CHAR(10),_xlpm._optionsRanges&CHAR(10)),_xlpm._optionsRangeWithPrefix,SUBSTITUTE(LEFT(_xlpm._optionsRanges,_xlpm._endOfFirstElement-1)," ",""),_xlpm._colPos,FIND(":",_xlpm._optionsRangeWithPrefix),_xlpm._prefix,LEFT(_xlpm._optionsRangeWithPrefix,_xlpm._colPos-1),_xlpm._optionsRange,RIGHT(_xlpm._optionsRangeWithPrefix,LEN(_xlpm._optionsRangeWithPrefix)-_xlpm._colPos),_xlpm._endOfFirstElementH,FIND(CHAR(10),_xlpm._optionsHeights&CHAR(10)),_xlpm._optionsHeightWithPrefix,SUBSTITUTE(LEFT(_xlpm._optionsHeights,_xlpm._endOfFirstElementH-1)," ",""),_xlpm._colPosH,FIND(":",_xlpm._optionsHeightWithPrefix),_xlpm._prefixH,LEFT(_xlpm._optionsHeightWithPrefix,_xlpm._colPosH-1),_xlpm._optionsHeight,VALUE(RIGHT(_xlpm._optionsHeightWithPrefix,LEN(_xlpm._optionsHeightWithPrefix)-_xlpm._colPosH)),IF(_xlpm._prefix<>_xlpm._prefixH,"ERROR: Prefix list is inconsistent.","___"&_xlpm._prefix&"___"&CHAR(10)&IF(_xlpm._optionsHeight=0,"",IFERROR(_xlfn.TEXTJOIN(CHAR(10),TRUE,OFFSET(INDIRECT(_xlpm._optionsRange),0,0,_xlpm._optionsHeight,1)),"ERROR: Check the README for the correct input format")))&IF(LEN(_xlpm._optionsRanges)<=_xlpm._endOfFirstElement,"",CHAR(10)&ShowResultingOptions(RIGHT(_xlpm._optionsRanges,LEN(_xlpm._optionsRanges)-_xlpm._endOfFirstElement),RIGHT(_xlpm._optionsHeights,LEN(_xlpm._optionsHeights)-_xlpm._endOfFirstElementH))))))($I26,$J26),CHAR(10))} -> ___Yes___ Personal data (low) Personal data (significant) Personal data (ruinous) | L26: {=LEFT(INDEX($K:$K,ROW()),FIND(CHAR(10),INDEX($K:$K,ROW())))&Definitions!$H$4&": It is possible that the person affected will be negatively affected in his or her social status or economic situation (e.g., user name, business e-mail address, business phone number). Please list the affected data:"&CHAR(10)&Definitions!$H$5&": The person affected can be significantly impaired in his or her social status or economic circumstances (e.g., home address, bank account number, credit card details, private phone number, work history). Please list the affected data:"&CHAR(10)&Definitions!$H$6&": The person affected can be ruinously impaired in his social status and economic circumstances. "&"The freedom of the person concerned is threatened (e.g., health data, biometric data, racial or ethnic origin, political opinions, religious beliefs). Please list the affected data:"} -> ___Yes___ Personal data (low): It is possible that the person affected will be negatively affected in his or her social status or economic situation (e.g., user name, business e-mail address, business phone number). Please list the affected data: Personal data (significant): The person affected can be significantly impaired in his or her social status or economic circumstances (e.g., home address, bank account number, credit card details, private phone number, work history). Please list the affected data: Personal data (ruinous): The person affected can be ruinously impaired in his social status and economic circumstances. The freedom of the person concerned is threatened (e.g., health data, biometric data, racial or ethnic origin, political opinions, religious beliefs). Please list the affected data: | O26: {=CreateID($O$3,$O:$O,$A26<>"")} -> 23 | P26: {=CreateTaskID($P$3,$P:$P,Tasks!$B$17,$N26)} -> 0 | Q26: {=IF($M26="",FALSE,CheckRelevance(SanitizeInput($M26),Questionnaire!$AA:$AA))} -> FALSE | R26: {=CreateID($R$3,$R:$R,AND($A26<>"",$D26<>""))} -> 11
